,carat,cut,color,clarity,depth,table,lab,sym,pol,flr,hna,price
1,1.04,Premium,F,VS1,61.9,56,GIA,X,X,,N,"$9,191 "
2,1.04,Premium,H,VS2,61.2,57,GIA,X,X,,N,"$6,786 "
3,1.01,Premium,G,VS2,61.7,56,GIA,X,X,,N,"$7,465 "
4,0.64,Premium,F,VS2,60.4,58,GIA,X,X,,N,"$1,936 "
5,0.84,Premium,G,VS2,61.6,57,GIA,X,X,,N,"$3,973 "
6,1.04,Premium,I,VS2,61.5,57,GIA,X,X,,N,"$6,204 "
7,0.4,Premium,G,VS1,61.6,56,GIA,X,X,N,N,"$1,191 "
8,0.81,Ideal,G,VS2,61.6,57,AGS,ID,ID,N,Y,"$4,391 "
9,0.81,Ideal,G,VS2,61,57,AGS,ID,ID,N,Y,"$4,396 "
10,0.31,Premium,E,VVS1,61.8,55,GIA,X,X,N,N,"$1,140 "
11,0.4,Premium,I,VVS2,60.8,58,GIA,X,X,N,N,$984 
12,0.83,Ideal,H,SI1,61.8,57,AGS,ID,ID,N,Y,"$3,684 "
13,0.54,Ideal,F,VS1,61.3,57,AGS,ID,ID,N,Y,"$2,392 "
14,0.36,Premium,I,VS2,61.4,56,GIA,X,X,N,N,$723 
15,0.33,Premium,H,VVS1,61.5,55,GIA,X,X,N,N,$847 
16,0.52,Premium,H,VVS2,60.7,56,GIA,X,X,N,N,"$1,888 "
17,0.31,Premium,H,SI1,62,55,GIA,X,X,N,N,$648 
18,0.52,Premium,H,VVS2,61.8,58,GIA,X,X,N,N,"$1,888 "
19,0.61,Premium,H,VVS2,61.5,55,GIA,X,X,N,N,"$2,390 "
20,0.32,Premium,F,VS1,61.7,55,GIA,X,X,N,N,$843 
21,0.51,Premium,G,SI1,61.9,55,GIA,X,X,N,N,"$1,695 "
22,0.7,Ideal,G,SI1,61.7,57,AGS,ID,ID,N,Y,"$3,016 "
23,0.43,Premium,F,VVS1,61.4,56,GIA,X,X,N,N,"$1,837 "
24,0.6,Ideal,H,VS2,61.4,57,AGS,ID,ID,N,Y,"$2,289 "
25,0.71,Premium,F,VS2,61.8,56,GIA,X,X,N,N,"$3,887 "
26,0.25,Premium,F,SI1,61.5,55,GIA,X,X,N,N,$470 
27,0.55,Ideal,F,VS1,61.8,56,AGS,ID,ID,N,Y,"$2,130 "
28,0.41,Ideal,I,VS1,61.8,56,AGS,ID,ID,N,Y,"$1,068 "
29,0.24,Premium,F,VVS2,61.2,56,GIA,X,X,N,N,$733 
30,0.28,Premium,F,VVS2,61.2,56,GIA,X,X,N,N,$855 
31,0.51,Ideal,H,VS2,62,55,AGS,ID,ID,N,Y,"$1,859 "
32,0.75,Premium,F,VVS2,61.4,57,GIA,X,X,N,N,"$4,944 "
33,0.35,Premium,I,IF,61.2,55,GIA,X,X,N,N,$813 
34,0.32,Premium,F,VS2,61.6,57,GIA,X,X,N,N,$753 
35,0.41,Premium,G,VS2,61.8,57,GIA,X,X,N,N,"$1,132 "
36,0.6,Premium,F,VS1,62.3,56,GIA,X,X,N,N,"$2,759 "
37,0.51,Premium,F,VVS1,60.4,58,GIA,X,X,N,N,"$2,634 "
38,0.61,Ideal,I,VS1,61.7,56,AGS,ID,ID,N,Y,"$2,102 "
39,1.02,Premium,H,VS1,61,56,GIA,X,X,N,N,"$8,245 "
40,0.71,Premium,I,VVS1,62.2,56,GIA,X,X,N,N,"$3,059 "
41,0.45,Ideal,I,VS1,61.4,56,AGS,ID,ID,N,Y,"$1,079 "
42,0.51,Ideal,H,SI1,61.4,56,AGS,ID,ID,N,Y,"$1,736 "
43,0.71,Premium,G,VS2,61.3,57,GIA,X,X,N,N,"$3,534 "
44,0.43,Ideal,E,VVS1,61.1,56.5,AGS,ID,ID,N,Y,"$1,645 "
45,0.32,Premium,G,VVS1,60.6,58,GIA,X,X,N,N,$850 
46,0.32,Premium,E,VS2,61.6,55,GIA,X,X,N,N,$843 
47,0.26,Premium,G,VVS1,61.3,56,GIA,X,X,N,N,$699 
48,0.5,Premium,F,IF,60.6,58,GIA,X,X,N,N,"$2,643 "
49,0.26,Premium,I,VS1,61.6,55,GIA,X,X,N,N,$528 
50,0.58,Ideal,E,VVS2,62,55.4,AGS,ID,X,N,N,"$3,023 "
51,0.82,Premium,F,VVS1,61.8,56,GIA,X,X,N,N,"$7,065 "
52,0.54,Premium,F,VVS1,61.4,56,GIA,X,X,N,N,"$3,264 "
53,0.75,Ideal,E,VS1,61.7,57,AGS,ID,ID,N,Y,"$4,337 "
54,0.56,Premium,F,VVS2,60.9,56,GIA,X,X,N,N,"$2,577 "
55,1.01,Ideal,E,VS2,61.5,56.7,AGS,ID,ID,N,Y,"$9,705 "
56,0.53,Premium,F,SI1,61.6,57,GIA,X,X,N,N,"$1,773 "
57,0.51,Ideal,H,SI1,61.8,56,AGS,ID,ID,N,Y,"$1,713 "
58,0.4,Premium,G,VS1,61.7,57,GIA,X,X,N,N,"$1,206 "
59,0.27,Premium,F,VS1,61.8,55,GIA,X,X,N,N,$689 
60,0.23,Premium,E,VS2,61.1,56,GIA,X,X,N,N,$559 
61,0.71,Premium,I,SI1,62.1,56,GIA,X,X,N,N,"$2,575 "
62,0.4,Ideal,I,VS1,61.9,56,AGS,ID,ID,N,Y,"$1,037 "
63,0.5,Premium,D,VS1,61.5,56,GIA,X,X,N,N,"$2,330 "
64,0.54,Ideal,H,SI1,61.5,57,AGS,ID,ID,N,Y,"$1,835 "
65,0.24,Premium,E,VS1,61.5,55,GIA,X,X,N,N,$624 
66,1.04,Premium,I,VVS1,62.2,55,GIA,X,X,N,N,"$7,215 "
67,0.6,Ideal,E,VS2,60.8,57.6,AGS,ID,ID,N,Y,"$3,137 "
68,0.61,Premium,E,VS2,61.6,56,GIA,X,X,N,N,"$2,656 "
69,0.25,Premium,G,VVS2,61.3,55,GIA,X,X,N,N,$643 
70,0.82,Premium,D,IF,61.7,57,GIA,X,X,N,N,"$7,576 "
71,0.71,Ideal,F,VVS1,61.2,56,AGS,ID,ID,N,Y,"$4,282 "
72,0.6,Premium,G,VS2,61.8,56,GIA,X,X,N,N,"$2,415 "
73,0.63,Premium,F,VVS2,61.6,55,GIA,X,X,N,N,"$3,294 "
74,0.7,Premium,F,SI1,60.8,57,GIA,X,X,N,N,"$3,088 "
75,0.56,Ideal,D,IF,62,56,AGS,ID,ID,N,Y,"$3,756 "
76,0.7,Premium,H,VS2,61.4,57,GIA,X,X,N,N,"$3,219 "
77,0.24,Premium,F,VVS2,61.9,55,GIA,X,X,N,N,$733 
78,0.52,Ideal,H,SI1,61.9,55,AGS,ID,ID,N,Y,"$1,777 "
79,0.43,Premium,G,VVS1,62.2,56,GIA,X,X,N,N,"$1,463 "
80,0.4,Premium,G,SI1,61.5,57,GIA,X,X,N,N,"$1,030 "
81,0.41,Ideal,H,VS2,61.6,57,AGS,ID,ID,N,Y,"$1,154 "
82,0.33,Premium,D,VS2,61.2,56,GIA,X,X,N,N,$939 
83,0.71,Premium,G,VS2,61.4,57,GIA,X,X,N,N,"$3,603 "
84,0.4,Ideal,F,VS2,61.1,57,AGS,ID,ID,N,Y,"$1,223 "
85,0.3,Ideal,I,VS2,60.8,57,AGS,ID,ID,N,Y,$634 
86,0.82,Ideal,H,VS2,61.9,57,AGS,ID,ID,N,Y,"$3,847 "
87,0.34,Premium,F,VS1,61.8,56,GIA,X,X,N,N,$826 
88,0.51,Ideal,E,VS1,61.3,56.6,AGS,ID,ID,N,Y,"$2,709 "
89,0.9,Ideal,G,SI1,61.8,57,AGS,ID,ID,N,Y,"$5,663 "
90,0.72,Premium,H,VVS2,61.6,58,GIA,X,X,N,N,"$3,490 "
91,0.43,Premium,E,VVS2,61.3,56,GIA,X,X,N,N,"$1,692 "
92,0.72,Premium,F,VS2,62.2,56,GIA,X,X,N,N,"$3,941 "
93,0.42,Premium,G,VS1,61.7,55,GIA,X,X,N,N,"$1,267 "
94,0.7,Premium,D,VS2,61.6,55,GIA,X,X,N,N,"$4,171 "
95,0.32,Ideal,E,VS1,61.4,57,AGS,ID,ID,N,Y,$969 
96,0.4,Premium,G,VVS1,61,56,GIA,X,X,N,N,"$1,361 "
97,0.33,Premium,F,VS2,61.5,56,GIA,X,X,N,N,$823 
98,0.33,Premium,F,VVS2,61.2,57,GIA,X,X,N,N,$988 
99,1.02,Premium,D,VS2,61.7,57,GIA,X,X,N,N,"$9,728 "
100,0.91,Ideal,F,VVS1,61.7,57,AGS,ID,ID,N,Y,"$8,221 "
101,0.55,Ideal,E,VVS2,62,55,AGS,ID,ID,N,Y,"$2,553 "
102,1.02,Ideal,H,VS2,61.4,56,AGS,ID,ID,N,Y,"$6,945 "
103,0.51,Ideal,H,VS2,61.7,56,AGS,ID,ID,N,Y,"$1,863 "
104,0.61,Ideal,I,VS2,61.9,56,AGS,ID,ID,N,Y,"$2,242 "
105,1.01,Premium,F,VVS1,62.1,56,GIA,X,X,N,N,"$11,912 "
106,0.42,Premium,I,VS1,61.9,55,GIA,X,X,N,N,"$1,070 "
107,0.23,Premium,E,VS2,61.6,55,GIA,X,X,N,N,$559 
108,0.41,Premium,F,VVS2,61.5,58,GIA,X,X,N,N,"$1,517 "
109,1.04,Premium,F,VVS2,61.8,56,GIA,X,X,N,N,"$10,996 "
110,1.05,Ideal,D,VS2,61.2,56.3,AGS,ID,X,N,Y,"$11,203 "
111,0.72,Ideal,F,SI1,61.7,56,AGS,ID,ID,N,Y,"$3,326 "
112,0.45,Premium,E,VVS1,61.7,58,GIA,X,X,N,N,"$2,044 "
113,0.5,Premium,D,VVS2,61.8,57,GIA,X,X,N,N,"$2,784 "
114,0.32,Premium,F,VVS1,60.7,57,GIA,X,X,N,N,"$1,158 "
115,0.61,Ideal,G,VS2,61.6,55.7,AGS,ID,ID,N,Y,"$2,870 "
116,0.25,Premium,E,VS2,61.6,55,GIA,X,X,N,N,$607 
117,0.5,Ideal,E,VS1,61.5,56,AGS,ID,ID,N,Y,"$2,655 "
118,0.55,Premium,H,VS1,61.9,57,GIA,X,X,N,N,"$1,954 "
119,0.41,Ideal,D,VS2,61.2,56.2,AGS,ID,ID,N,Y,"$1,422 "
120,0.33,Premium,G,SI1,61.1,57,GIA,X,X,N,N,$678 
121,0.33,Premium,E,VS1,61.7,57,GIA,X,X,N,N,$838 
122,0.31,Premium,H,VS1,61.2,56,GIA,X,X,N,N,$771 
123,0.6,Premium,I,VVS2,62.1,56,GIA,X,X,N,N,"$2,055 "
124,0.23,Premium,F,VVS2,61.7,55,GIA,X,X,N,N,$703 
125,0.6,Premium,F,VVS1,62.1,56,GIA,X,X,N,N,"$3,882 "
126,0.6,Premium,F,VS2,62.4,55,GIA,X,X,N,N,"$2,463 "
127,0.81,Premium,D,VS2,61.5,56,GIA,X,X,N,N,"$5,632 "
128,0.4,Premium,H,VS2,60.5,57,GIA,X,X,N,N,"$1,117 "
129,0.55,Premium,I,SI1,61.4,56,GIA,X,X,N,N,"$1,582 "
130,0.7,Premium,E,SI1,61.7,56,GIA,X,X,N,N,"$3,562 "
131,1.04,Premium,D,SI1,61.7,56,GIA,X,X,N,N,"$8,087 "
132,0.24,Premium,F,VVS1,62,55,GIA,X,X,N,N,$778 
133,0.4,Ideal,G,VS2,61.8,57,AGS,ID,ID,N,Y,"$1,185 "
134,0.32,Ideal,H,SI1,61.9,56,AGS,ID,ID,N,Y,$703 
135,0.32,Premium,F,VVS2,61.4,54,GIA,X,X,N,N,$852 
136,0.91,Ideal,F,SI1,60.5,57,AGS,ID,ID,N,Y,"$6,005 "
137,0.51,Premium,G,VS1,61.7,58,GIA,X,X,N,N,"$1,940 "
138,0.74,Premium,E,VS1,62.1,56,GIA,X,X,N,N,"$4,297 "
139,0.56,Premium,E,SI1,60.5,57,GIA,X,X,N,N,"$1,883 "
140,0.71,Premium,D,VS2,60.8,58,GIA,X,X,N,N,"$4,231 "
141,1.04,Premium,H,VS1,60.5,56,GIA,X,X,N,N,"$7,800 "
142,1.01,Premium,E,VS1,61.1,57,GIA,X,X,N,N,"$10,832 "
143,0.56,Premium,D,VS2,62.3,54,GIA,X,X,N,N,"$2,315 "
144,0.52,Ideal,F,SI1,61.9,56,AGS,ID,ID,N,Y,"$1,827 "
145,0.8,Ideal,F,VS2,61.8,57,AGS,ID,ID,N,Y,"$4,719 "
146,0.81,Premium,F,VS2,62.2,55,GIA,X,X,N,N,"$5,018 "
147,0.36,Premium,H,VS1,61.9,57,GIA,X,X,N,N,$905 
148,0.4,Premium,G,VVS2,61.5,56,GIA,X,X,N,N,"$1,270 "
149,0.61,Premium,F,SI1,62.2,56,GIA,X,X,N,N,"$2,160 "
150,1.02,Ideal,H,VS2,60.6,58,AGS,ID,ID,N,Y,"$7,045 "
151,1.01,Premium,I,SI1,62.2,55,GIA,X,X,N,N,"$6,343 "
152,1.05,None,I,SI1,61.2,55,GIA,X,X,N,N,"$7,560 "
153,1.02,Ideal,G,VS2,61.8,57,AGS,ID,ID,N,Y,"$7,930 "
154,0.55,Premium,E,VS1,62.1,57,GIA,X,X,N,N,"$2,274 "
155,0.44,Premium,I,SI1,62,57,GIA,X,X,N,N,$994 
156,1.02,Ideal,G,VS2,61.3,57,AGS,ID,ID,N,Y,"$8,261 "
157,0.53,Premium,F,VS2,61.7,57,GIA,X,X,N,N,"$2,015 "
158,0.3,Premium,G,VS1,61.6,57,GIA,X,X,N,N,$722 
159,0.42,Ideal,H,VS2,61.5,55,AGS,ID,ID,N,Y,"$1,223 "
160,0.3,Premium,H,VVS2,61.3,56,GIA,X,X,N,N,$758 
161,0.72,Premium,G,VS2,60.6,58,GIA,X,X,N,N,"$3,561 "
162,0.56,Premium,I,VS1,61.5,56,GIA,X,X,N,N,"$1,789 "
163,0.81,Premium,D,VS2,61.5,56,GIA,X,X,N,N,"$5,632 "
164,0.31,Premium,G,VS1,61.7,55,GIA,X,X,N,N,$816 
165,0.51,Ideal,F,VS2,61.8,56,AGS,ID,ID,N,Y,"$2,076 "
166,0.55,Premium,E,SI1,61.9,57,GIA,X,X,N,N,"$1,849 "
167,0.42,Premium,H,SI1,61.7,55,GIA,X,X,N,N,"$1,056 "
168,0.41,Premium,G,VVS1,61.6,56,GIA,X,X,N,N,"$1,395 "
169,0.6,Ideal,F,VS1,61.9,56,AGS,ID,ID,N,Y,"$2,756 "
170,1.05,Premium,H,VVS2,61.9,54,GIA,X,X,N,N,"$8,703 "
171,0.72,Ideal,I,SI1,62.1,55.9,AGS,ID,ID,N,Y,"$2,700 "
172,0.23,Premium,F,VS2,62,55,GIA,X,X,N,N,$553 
173,1.05,Ideal,I,VVS1,62.2,55.7,AGS,ID,ID,N,Y,"$6,467 "
174,1.01,Premium,F,VS2,62.2,54,GIA,X,X,N,N,"$9,298 "
175,0.28,Premium,E,SI1,61.6,56,GIA,X,X,N,N,$539 
176,0.31,Premium,F,VVS2,61.1,57,GIA,X,X,N,N,$873 
177,0.9,Premium,I,VS1,62.3,55,GIA,X,X,N,N,"$5,512 "
178,0.24,Premium,G,VS2,62.1,56,GIA,X,X,N,N,$558 
179,1.02,Premium,H,VS1,60.3,58,GIA,X,X,N,N,"$8,266 "
180,0.62,Premium,H,VVS1,61.6,56,GIA,X,X,N,N,"$2,531 "
181,1.05,Premium,D,VS2,61.9,56,GIA,X,X,N,N,"$11,340 "
182,0.6,Ideal,E,VS1,61.4,55.3,AGS,ID,ID,N,Y,"$3,151 "
183,0.72,Premium,F,VVS2,61.8,56,GIA,X,X,N,N,"$4,746 "
184,0.4,Ideal,G,VS1,61.2,56.7,AGS,ID,ID,N,Y,"$1,411 "
185,0.8,Ideal,G,VS1,61.8,56,AGS,ID,ID,N,Y,"$4,630 "
186,0.6,Premium,H,VVS2,61.2,58,GIA,X,X,N,N,"$2,332 "
187,0.54,Premium,E,VS1,60.4,57,GIA,X,X,N,N,"$2,233 "
188,0.42,Ideal,F,VS1,61.7,56,AGS,ID,ID,N,Y,"$1,314 "
189,0.25,Premium,E,VS1,61.7,55,GIA,X,X,N,N,$650 
190,1.05,Ideal,E,VS1,61.6,56,AGS,ID,ID,N,Y,"$10,608 "
191,1.04,Premium,I,VS2,61.8,56,GIA,X,X,N,N,"$6,778 "
192,0.58,Premium,G,SI1,61.6,56,GIA,X,X,N,N,"$1,902 "
193,0.55,Premium,G,SI1,61.8,57,GIA,X,X,N,N,"$1,803 "
194,0.51,Ideal,H,SI1,60.9,56.7,AGS,ID,ID,N,Y,"$1,479 "
195,0.31,Ideal,F,VS2,61.6,57,AGS,ID,ID,N,Y,$921 
196,1.02,Ideal,E,VS2,61.4,57.4,AGS,ID,ID,N,Y,"$9,801 "
197,1.05,Premium,F,VVS2,61.3,56,GIA,X,X,N,N,"$11,102 "
198,0.3,Premium,D,VVS1,60.7,57,GIA,X,X,N,N,"$1,240 "
199,1.02,Premium,I,VS1,61.1,56,GIA,X,X,N,N,"$6,814 "
200,0.61,Premium,I,VS2,61.8,55,GIA,X,X,N,N,"$1,971 "
201,0.7,Premium,G,VS2,62.3,56,GIA,X,X,N,N,"$3,485 "
202,0.76,Ideal,G,VS2,61.5,56,AGS,ID,ID,N,Y,"$3,751 "
203,1.04,Ideal,F,VVS2,61.7,56.1,AGS,ID,ID,N,Y,"$11,428 "
204,0.62,Ideal,G,VS1,61.8,56,AGS,ID,ID,N,Y,"$2,675 "
205,0.71,Premium,F,SI1,62.4,56,GIA,X,X,N,N,"$3,112 "
206,0.55,Ideal,G,SI1,62,56,AGS,ID,ID,N,Y,"$1,932 "
207,0.64,Premium,E,SI1,61.8,56,GIA,X,X,N,N,"$2,356 "
208,0.5,Premium,F,VS1,61.2,58,GIA,X,X,N,N,"$2,037 "
209,0.75,Ideal,I,VS1,61.7,56,AGS,ID,ID,N,Y,"$3,074 "
210,0.55,Premium,H,SI1,61.3,57,GIA,X,X,N,N,"$1,781 "
211,0.3,Premium,H,SI1,61.8,56,GIA,X,X,N,N,$696 
212,1.03,Premium,E,VS1,61.4,56,GIA,X,X,N,N,"$9,909 "
213,0.61,Premium,F,VS2,62,57,GIA,X,X,N,N,"$2,491 "
214,0.6,Premium,G,SI1,62.3,56,GIA,X,X,N,N,"$2,086 "
215,0.25,Premium,G,VS2,62,56,GIA,X,X,N,N,$581 
216,0.62,Ideal,G,VS2,61,57,AGS,ID,ID,N,Y,"$2,580 "
217,0.52,Premium,H,VVS2,61.6,57,GIA,X,X,N,N,"$1,888 "
218,0.42,Premium,G,VS2,61.9,54,GIA,X,X,N,N,"$1,213 "
219,1.02,Ideal,D,VVS1,61.1,57,AGS,ID,ID,N,Y,"$13,859 "
220,0.27,Premium,D,SI1,61.9,55,GIA,X,X,N,N,$600 
221,0.62,Premium,E,VVS1,61.6,56,GIA,X,X,N,N,"$4,286 "
222,0.34,Premium,E,VVS1,61.4,57,GIA,X,X,N,N,"$1,250 "
223,0.53,Premium,E,VS1,62.2,56,GIA,X,X,N,N,"$2,192 "
224,0.7,Premium,G,VS1,61.2,58,GIA,X,X,N,N,"$3,714 "
225,0.61,Premium,E,VS1,62.2,57,GIA,X,X,N,N,"$2,834 "
226,0.52,Ideal,H,VS1,61.8,56,AGS,ID,ID,N,Y,"$2,026 "
227,0.3,Premium,F,VVS2,61.6,56,GIA,X,X,N,N,$898 
228,0.72,Ideal,I,VS1,61.7,56,AGS,ID,ID,N,Y,"$2,972 "
229,0.81,Ideal,F,VS2,61.6,56,AGS,ID,ID,N,Y,"$4,795 "
230,1.01,Premium,F,VVS1,60.9,56,GIA,X,X,N,N,"$11,912 "
231,0.24,Premium,I,VS2,62.2,57,GIA,X,X,N,N,$467 
232,0.4,Premium,G,VVS1,60.6,57,GIA,X,X,N,N,"$1,361 "
233,0.4,Ideal,I,SI1,61.5,57,AGS,ID,ID,N,Y,$941 
234,0.52,Premium,G,VVS2,61.3,56,GIA,X,X,N,N,"$2,019 "
235,0.32,Premium,E,VS1,61.6,55,GIA,X,X,N,N,$876 
236,0.4,Premium,H,VS2,61.3,60,GIA,VG,VG,N,N,$804 
237,0.41,Ideal,I,VS1,61.6,56,AGS,ID,ID,N,Y,"$1,061 "
238,1.03,Ideal,G,SI1,61.3,57,AGS,ID,ID,N,Y,"$7,046 "
239,0.23,Premium,I,VS1,61.4,55,GIA,X,X,N,N,$467 
240,0.51,Ideal,H,VS2,61.3,57,AGS,ID,ID,N,Y,"$1,870 "
241,0.52,Ideal,H,VS2,61.7,57,AGS,ID,ID,N,Y,"$1,903 "
242,0.83,Premium,F,VVS1,61.3,57,GIA,X,X,N,N,"$7,151 "
243,0.9,Ideal,G,VVS1,61.5,57,AGS,ID,ID,N,Y,"$7,077 "
244,0.4,Ideal,I,VS2,61.2,57,AGS,ID,ID,N,Y,$991 
245,0.73,Ideal,H,VS2,61.8,56,AGS,ID,ID,N,Y,"$3,155 "
246,0.81,Premium,G,VVS1,61.8,57,GIA,X,X,N,N,"$5,478 "
247,0.84,Ideal,G,VS2,61.4,56,AGS,ID,ID,N,Y,"$4,563 "
248,0.7,Premium,H,VS2,62.3,57,GIA,X,X,N,N,"$3,278 "
249,0.3,Premium,F,SI1,61.2,57,GIA,X,X,N,N,$702 
250,1.02,Premium,F,SI1,61.3,57,GIA,X,X,N,N,"$7,406 "
251,0.4,Premium,G,VS1,61.6,56,GIA,X,X,N,N,"$1,199 "
252,0.9,Ideal,E,VS2,61.5,56,AGS,ID,ID,N,Y,"$7,452 "
253,0.42,Premium,G,VS2,61.6,55,GIA,X,X,N,N,"$1,213 "
254,0.26,Premium,F,VS2,61.5,56,GIA,X,X,N,N,$625 
255,0.91,Premium,H,VS1,62.2,56,GIA,X,X,N,N,"$6,395 "
256,0.51,Premium,E,VVS1,61.4,56,GIA,X,X,N,N,"$2,913 "
257,1.03,Ideal,H,SI1,61.8,57,AGS,ID,ID,N,Y,"$6,467 "
258,1,Premium,I,VS1,61.7,57,GIA,X,X,N,N,"$7,219 "
259,1.04,Premium,H,VS1,61.7,57,GIA,X,X,N,N,"$7,800 "
260,0.82,Premium,I,IF,62,56,GIA,X,X,N,N,"$4,437 "
261,0.73,Ideal,F,VS1,61.4,56,AGS,ID,ID,N,Y,"$4,659 "
262,0.7,Premium,G,VVS1,60.5,57,GIA,X,X,N,N,"$4,006 "
263,0.84,Premium,E,VVS2,61.5,56,GIA,X,X,N,N,"$6,856 "
264,0.51,Premium,H,VS2,61.9,55,GIA,X,X,N,N,"$1,805 "
265,0.24,Premium,E,IF,61.9,55,GIA,X,X,N,N,$838 
266,0.32,Premium,H,SI1,62.1,55,GIA,X,X,N,N,$640 
267,0.71,Premium,F,VS2,62.2,57,GIA,X,X,N,N,"$3,887 "
268,0.41,Ideal,H,VS2,61.6,55,AGS,ID,ID,N,Y,"$1,191 "
269,0.3,Premium,D,SI1,62,56,GIA,X,X,N,N,$680 
270,0.32,Premium,F,SI1,62.3,56,GIA,X,X,N,N,$704 
271,0.34,Premium,F,SI1,61.7,57,GIA,X,X,N,N,$733 
272,0.52,Premium,H,VS1,62.1,56,GIA,X,X,N,N,"$1,834 "
273,0.8,Ideal,D,VS1,60.7,56.5,AGS,ID,ID,N,Y,"$5,865 "
274,0.6,Premium,H,VS1,62,57,GIA,X,X,N,N,"$2,317 "
275,0.42,Ideal,D,VS1,61.6,56.3,AGS,ID,ID,N,Y,"$1,557 "
276,0.5,Ideal,H,VS1,61.7,57,AGS,ID,ID,N,Y,"$1,952 "
277,0.82,Premium,H,VS2,61.9,57,GIA,X,X,N,N,"$4,320 "
278,0.31,Premium,G,VVS2,60.5,57,GIA,X,X,N,N,$838 
279,0.53,Premium,E,VVS1,61.9,56,GIA,X,X,N,N,"$3,027 "
280,0.36,Premium,G,SI1,61.2,57,GIA,X,X,N,N,$749 
281,1.02,Premium,I,VVS1,61.9,56,GIA,X,X,N,N,"$7,651 "
282,0.8,Ideal,D,VS1,61.4,57,AGS,ID,ID,N,Y,"$5,428 "
283,0.71,Ideal,I,VS2,61,56,AGS,ID,ID,N,Y,"$2,633 "
284,0.31,Premium,F,VVS1,61.3,57,GIA,X,X,N,N,"$1,122 "
285,0.32,Premium,F,VVS1,61.4,57,GIA,X,X,N,N,$908 
286,0.62,Ideal,G,VS2,61.3,57,AGS,ID,ID,N,Y,"$2,500 "
287,0.51,Premium,F,VS2,60.7,58,GIA,X,X,N,N,"$1,939 "
288,0.3,Premium,F,SI1,62.1,55,GIA,X,X,N,N,$700 
289,0.63,Premium,F,VVS2,61.7,56,GIA,X,X,N,N,"$3,294 "
290,1.01,Ideal,G,SI1,61.5,55,AGS,ID,ID,N,Y,"$6,950 "
291,1.02,Premium,I,VVS1,61.8,56,GIA,X,X,N,N,"$7,076 "
292,0.31,Premium,F,VVS1,61.7,56,GIA,X,X,N,N,$947 
293,0.53,Premium,G,VS2,61.9,56,GIA,X,X,N,N,"$1,993 "
294,0.41,Premium,H,VVS1,61.9,55,GIA,X,X,N,N,"$1,192 "
295,0.66,Premium,F,VVS2,61.8,57,GIA,X,X,N,N,"$3,451 "
296,0.53,Premium,G,SI1,62,55,GIA,X,X,N,N,"$1,751 "
297,0.32,Premium,G,VVS1,61.7,56,GIA,X,X,N,N,$850 
298,0.73,Premium,I,VVS2,61.8,56,GIA,X,X,N,N,"$3,034 "
299,0.53,Premium,F,VS2,61.8,55,GIA,X,X,N,N,"$2,015 "
300,0.4,Ideal,F,SI1,61.8,57,AGS,ID,ID,N,Y,"$1,045 "
301,0.7,Premium,G,VS1,62.3,56,GIA,X,X,N,N,"$3,653 "
302,0.52,Premium,G,VS1,61.7,56,GIA,X,X,N,N,"$1,943 "
303,0.6,Ideal,I,VS2,61.6,56,AGS,ID,ID,N,Y,"$2,025 "
304,0.61,Premium,H,SI1,61.2,56,GIA,X,X,N,N,"$2,079 "
305,0.24,Premium,E,VVS1,61.3,56,GIA,X,X,N,N,$805 
306,0.52,Ideal,G,SI1,61.5,57,AGS,ID,ID,N,Y,"$1,820 "
307,0.31,Ideal,E,VS1,61.5,57,AGS,ID,ID,N,Y,$939 
308,1.01,Premium,E,VS2,61.5,58,GIA,X,X,N,N,"$9,650 "
309,0.73,Ideal,I,SI1,61,56,AGS,ID,ID,N,Y,"$2,667 "
310,0.71,Ideal,H,VS1,61.9,57,AGS,ID,ID,N,Y,"$3,375 "
311,0.31,Premium,I,IF,61.1,57,GIA,X,X,N,N,$699 
312,0.42,Premium,F,SI1,61.8,56,GIA,X,X,N,N,"$1,148 "
313,0.62,Ideal,H,VS2,61.5,54,AGS,ID,ID,N,Y,"$2,295 "
314,0.51,Ideal,G,VS1,61.8,56,AGS,ID,ID,N,Y,"$2,158 "
315,1.03,Ideal,G,VS1,60.3,57,AGS,ID,ID,N,Y,"$8,803 "
316,0.58,Ideal,G,VS2,61.1,57,AGS,ID,ID,N,Y,"$2,299 "
317,0.34,Premium,D,VS2,61.3,56,GIA,X,X,N,N,$953 
318,0.3,Premium,G,VS1,61.5,56,GIA,X,X,N,N,$810 
319,0.81,Ideal,F,VS2,61.8,56,AGS,ID,ID,N,Y,"$4,826 "
320,0.55,Ideal,F,SI1,61.1,57,AGS,ID,ID,N,Y,"$1,916 "
321,0.52,Ideal,E,VS1,61.9,56,AGS,ID,ID,N,Y,"$2,229 "
322,0.31,Premium,F,SI1,61,56,GIA,X,X,N,N,$651 
323,0.33,Premium,D,VS1,62.1,55,GIA,X,X,N,N,$993 
324,0.45,Ideal,F,VS2,61.8,58,AGS,ID,ID,N,Y,"$1,372 "
325,0.41,Premium,I,VVS2,61.6,56,GIA,X,X,N,N,"$1,060 "
326,0.33,Premium,E,VS1,61.4,56,GIA,X,X,N,N,$903 
327,0.41,Premium,F,VS2,61.5,56,GIA,X,X,N,N,"$1,221 "
328,0.45,Ideal,E,VS2,61,57.3,AGS,ID,ID,N,Y,"$1,718 "
329,0.36,Premium,H,SI1,61.7,56,GIA,X,X,N,N,$704 
330,0.59,Ideal,D,VS1,61.4,56.7,AGS,ID,ID,N,Y,"$3,357 "
331,0.36,Premium,G,VVS1,61.7,56,GIA,X,X,N,N,"$1,052 "
332,0.7,Premium,E,VS1,62.3,56,GIA,X,X,N,N,"$3,980 "
333,0.26,Premium,G,VS2,61.5,56,GIA,X,X,N,N,$605 
334,1.02,Premium,I,VVS1,61.8,56,GIA,X,X,N,N,"$7,076 "
335,0.72,Ideal,E,VS1,61.6,56.4,AGS,ID,ID,N,Y,"$4,534 "
336,0.31,Premium,E,VVS2,61.9,56,GIA,X,X,N,N,$988 
337,0.82,Ideal,F,VS2,61.3,56,AGS,ID,ID,N,Y,"$4,854 "
338,0.51,Premium,G,SI1,61.6,58,GIA,X,X,N,N,"$1,685 "
339,0.9,Premium,E,VVS2,60.5,58,GIA,X,X,N,N,"$9,043 "
340,0.33,Premium,F,VS2,61.4,56,GIA,X,X,N,N,$777 
341,0.5,Premium,F,VVS1,61.4,55,GIA,X,X,N,N,"$2,582 "
342,0.8,Premium,I,VS2,60.1,61,GIA,X,X,N,Y,"$2,744 "
343,1.04,Premium,I,VS1,61.6,55,GIA,X,X,N,N,"$6,947 "
344,0.23,Premium,F,VVS2,61.5,55,GIA,X,X,N,N,$703 
345,0.31,Premium,I,VVS1,61.6,55,GIA,X,X,N,N,$684 
346,0.3,Premium,G,VS1,61.4,56,GIA,X,X,N,N,$722 
347,1.05,Premium,F,VS1,61.6,57,GIA,X,X,N,N,"$10,848 "
348,0.4,Ideal,G,VS1,61.2,57,AGS,ID,ID,N,Y,"$1,321 "
349,0.7,Premium,G,VVS1,61.7,56,GIA,X,X,N,N,"$4,006 "
350,0.34,Premium,I,VS1,60.1,57,GIA,X,X,N,N,$741 
351,0.23,Premium,F,VVS2,61.1,57,GIA,X,X,N,N,$703 
352,0.76,Premium,D,VVS2,61.6,58,GIA,X,X,N,N,"$5,632 "
353,1.01,Very Good,F,VS2,60.4,57,GIA,X,X,N,N,"$6,750 "
354,0.33,Premium,F,VS1,62.4,56,GIA,X,X,N,N,$878 
355,1.04,Premium,I,VVS1,61.6,56,GIA,X,X,N,N,"$7,215 "
356,0.4,Premium,F,VVS2,61.8,56,GIA,X,X,N,N,"$1,480 "
357,0.42,Ideal,G,VS2,61.8,57,AGS,ID,ID,N,Y,"$1,160 "
358,0.61,Ideal,G,VS1,61.6,56,AGS,ID,ID,N,Y,"$2,653 "
359,0.44,Ideal,E,VS2,61.4,56.6,AGS,ID,ID,N,Y,"$1,610 "
360,0.61,Premium,G,VS1,61.3,56,GIA,X,X,N,N,"$2,601 "
361,0.41,Ideal,F,SI1,61.8,56,AGS,ID,ID,N,Y,"$1,068 "
362,0.42,Premium,G,VS1,61.6,56,GIA,X,X,N,N,"$1,267 "
363,0.55,Premium,D,VVS1,61.6,55,GIA,X,X,N,N,"$3,621 "
364,0.41,Premium,F,VS2,61.7,55,GIA,X,X,N,N,"$1,221 "
365,0.7,Ideal,G,SI1,61.9,57,AGS,ID,ID,N,Y,"$3,056 "
366,0.72,Premium,G,VS1,62.2,55,GIA,X,X,N,N,"$3,820 "
367,0.31,Premium,D,VS1,61.3,56,GIA,X,X,N,N,$933 
368,0.42,Premium,F,VVS2,62,57,GIA,X,X,N,N,"$1,554 "
369,0.23,Premium,H,VS2,61.9,56,GIA,X,X,N,N,$518 
370,0.58,Ideal,H,VS2,61.9,56,AGS,ID,ID,N,Y,"$1,742 "
371,0.43,Premium,H,VS1,62.1,55,GIA,X,X,N,N,"$1,265 "
372,0.24,Premium,E,VVS1,61.7,55,GIA,X,X,N,N,$805 
373,0.62,Ideal,D,VVS2,61.2,57,AGS,ID,ID,N,Y,"$3,213 "
374,1.01,Premium,I,VVS1,61.8,57,GIA,X,X,N,N,"$7,576 "
375,0.34,Premium,E,VS1,62.1,54,GIA,X,X,N,N,$944 
376,0.41,Premium,G,VS1,61.1,56,GIA,X,X,N,N,"$1,237 "
377,0.53,Premium,G,VVS2,61.7,55,GIA,X,X,N,N,"$2,304 "
378,0.23,Premium,F,VS2,61.4,57,GIA,X,X,N,N,$553 
379,0.27,Premium,F,VVS2,61.6,55,GIA,X,X,N,N,$825 
380,0.43,Premium,H,VS1,61.8,55,GIA,X,X,N,N,"$1,265 "
381,1.05,Premium,F,VVS1,62.4,56,GIA,X,X,N,N,"$12,384 "
382,0.31,Premium,G,VVS1,61.6,56,GIA,X,X,N,N,$906 
383,0.24,Premium,E,VVS1,61.9,56,GIA,X,X,N,N,$805 
384,0.31,Premium,H,VVS1,61.6,55,GIA,X,X,N,N,$827 
385,0.3,Premium,H,VS1,60.9,56,GIA,X,X,N,N,$711 
386,1.03,Premium,H,VS2,61.5,57,GIA,X,X,N,N,"$8,117 "
387,0.23,Premium,D,VVS1,61.4,55,GIA,X,X,N,N,$821 
388,0.53,Premium,H,SI1,61.9,55,GIA,X,X,N,N,"$1,728 "
389,0.34,Premium,G,VS1,61.4,56,GIA,X,X,N,N,$878 
390,1.04,Ideal,G,VS1,61.4,57,AGS,ID,ID,N,Y,"$9,094 "
391,0.51,Premium,E,VVS2,60.8,57,GIA,X,X,N,N,"$2,625 "
392,0.71,Premium,E,VS2,61.5,56,GIA,X,X,N,N,"$3,900 "
393,0.52,Premium,E,VS1,61.5,56,GIA,X,X,N,N,"$2,150 "
394,0.7,Premium,G,VS1,62.2,56,GIA,X,X,N,N,"$3,714 "
395,1.03,Premium,F,VVS2,62.3,56,GIA,X,X,N,N,"$10,891 "
396,0.5,Premium,F,VVS1,60.9,58,GIA,X,X,N,N,"$2,582 "
397,0.23,Premium,E,VS2,61.4,56,GIA,X,X,N,N,$559 
398,0.72,Ideal,E,VVS2,61.6,56,AGS,ID,ID,N,Y,"$4,267 "
399,0.53,Premium,E,VS1,61.6,57,GIA,X,X,N,N,"$2,192 "
400,0.31,Premium,H,IF,61.6,55,GIA,X,X,N,N,$849 
401,0.41,Premium,F,VS2,61.6,55,GIA,X,X,N,N,"$1,221 "
402,1.03,Ideal,G,SI1,61.8,58,AGS,ID,ID,N,Y,"$6,766 "
403,0.6,Premium,F,VVS1,61.6,57,GIA,X,X,N,N,"$3,882 "
404,0.34,Premium,I,VS2,62,57,GIA,X,X,N,N,$702 
405,0.61,Ideal,D,VS2,61.3,56.3,AGS,ID,ID,N,Y,"$3,349 "
406,0.6,Premium,I,VS1,61.6,56,GIA,X,X,N,N,"$1,986 "
407,1,Premium,G,VS1,61.7,57,GIA,X,X,N,N,"$8,321 "
408,0.41,Premium,E,SI1,60.9,56,GIA,X,X,N,N,"$1,080 "
409,0.41,Premium,G,VVS1,61.6,57,GIA,X,X,N,N,"$1,395 "
410,0.58,Ideal,G,VS2,61.3,57,AGS,ID,ID,N,Y,"$2,013 "
411,0.4,Premium,H,VS1,61.8,55,GIA,X,X,N,N,"$1,159 "
412,0.8,Premium,I,VVS2,62.1,56,GIA,X,X,N,N,"$3,799 "
413,0.73,Ideal,F,VS2,61,57,AGS,ID,ID,N,Y,"$3,863 "
414,0.51,Ideal,F,VS1,61.5,57,AGS,ID,ID,N,Y,"$2,189 "
415,0.32,Premium,D,VS1,61.8,55,GIA,X,X,N,N,$984 
416,0.32,Premium,E,VS1,60.8,57,GIA,X,X,N,N,$795 
417,0.31,Premium,F,VVS2,62.3,55,GIA,X,X,N,N,$928 
418,1,Ideal,E,SI1,61.8,55.4,AGS,ID,ID,N,Y,"$9,594 "
419,0.51,Ideal,E,VS2,61.6,56,AGS,ID,ID,N,Y,"$2,096 "
420,1.02,Premium,D,VS2,61.6,56,GIA,X,X,N,N,"$9,728 "
421,0.58,Premium,F,SI1,61.3,57,GIA,X,X,N,N,"$1,926 "
422,0.8,Ideal,G,SI1,61.7,56,AGS,ID,ID,N,Y,"$3,889 "
423,0.4,Ideal,F,VS2,61.8,56,AGS,ID,ID,N,Y,"$1,232 "
424,0.9,Ideal,D,VVS2,61.9,57,AGS,ID,ID,N,Y,"$9,191 "
425,0.41,Premium,G,VS1,61.6,56,GIA,X,X,N,N,"$1,220 "
426,0.74,Premium,H,VS1,61.3,57,GIA,X,X,N,N,"$3,555 "
427,1.04,Ideal,H,SI1,61.8,56,AGS,ID,ID,N,Y,"$6,281 "
428,0.82,Premium,H,VS2,61.4,57,GIA,X,X,N,N,"$4,320 "
429,0.6,Premium,F,VVS1,61.1,56,GIA,X,X,N,N,"$3,882 "
430,0.8,Ideal,F,VS1,60.8,56.5,AGS,ID,ID,N,Y,"$6,063 "
431,0.9,Ideal,F,VS2,61.7,56,AGS,ID,ID,N,Y,"$7,040 "
432,0.76,Premium,D,VVS1,62.3,56,GIA,X,X,N,N,"$6,119 "
433,0.55,Premium,H,VS1,61.6,57,GIA,X,X,N,N,"$1,954 "
434,0.32,Premium,F,SI1,61.5,57,GIA,X,X,N,N,$672 
435,1.02,Premium,H,VS1,61.6,56,GIA,X,X,N,N,"$7,650 "
436,0.3,Premium,E,VS2,61.8,56,GIA,X,X,N,N,$707 
437,0.81,Ideal,I,VS2,61.9,57,AGS,ID,ID,N,Y,"$3,584 "
438,0.4,Premium,G,VVS1,61.7,55,GIA,X,X,N,N,"$1,361 "
439,0.52,Premium,I,VVS2,61.5,56,GIA,X,X,N,N,"$1,692 "
440,0.56,Premium,G,VS2,61.1,57,GIA,X,X,N,N,"$2,017 "
441,0.39,Premium,I,VS2,61.8,56,GIA,X,X,N,N,$792 
442,0.41,Premium,G,VS1,61.5,56,GIA,X,X,N,N,"$1,237 "
443,0.33,Premium,F,VS2,61.6,56,GIA,X,X,N,N,$858 
444,0.6,Premium,H,SI1,62.2,55,GIA,X,X,N,N,"$2,076 "
445,0.4,Premium,G,VVS2,61.6,56,GIA,X,X,N,N,"$1,270 "
446,0.32,Ideal,I,SI1,61.6,56,AGS,ID,ID,N,Y,$640 
447,0.71,Premium,G,VS1,61.5,55,GIA,X,X,N,N,"$3,767 "
448,1.04,Ideal,G,VS2,60.7,58,AGS,ID,ID,N,Y,"$7,329 "
449,0.61,Ideal,F,VS2,61.5,55,AGS,ID,ID,N,Y,"$2,590 "
450,0.7,Premium,G,VS1,61.6,56,GIA,X,X,N,N,"$3,714 "
451,0.65,Ideal,F,VS1,61.4,57,AGS,ID,ID,N,Y,"$3,288 "
452,0.23,Premium,F,VVS2,61.8,55,GIA,X,X,N,N,$703 
453,0.31,Ideal,F,VS2,61.8,55,AGS,ID,ID,N,Y,$915 
454,0.62,Ideal,G,VS1,61.7,57,AGS,ID,ID,N,Y,"$2,701 "
455,0.74,Ideal,G,VS2,61.6,57,AGS,ID,ID,N,Y,"$3,560 "
456,0.7,Premium,F,VVS1,61.5,55,GIA,X,X,N,N,"$5,000 "
457,0.71,Premium,G,VS2,61.5,57,GIA,X,X,N,N,"$3,512 "
458,0.3,Premium,G,VS1,61.7,55,GIA,X,X,N,N,$790 
459,0.51,Premium,E,VVS2,61.4,57,GIA,X,X,N,N,"$2,625 "
460,0.4,Premium,E,VS2,61.6,56,GIA,X,X,N,N,"$1,223 "
461,0.53,Premium,G,VVS2,61.7,56,GIA,X,X,N,N,"$2,058 "
462,0.7,Premium,F,VS1,61.4,56,GIA,X,X,N,N,"$4,055 "
463,0.3,Premium,H,SI1,60.8,55,GIA,X,X,N,N,$648 
464,0.82,Premium,F,VVS2,62.1,56,GIA,X,X,N,N,"$6,428 "
465,0.3,Ideal,F,VS1,61.6,55,AGS,ID,ID,N,Y,$928 
466,0.32,Ideal,F,VS2,61.8,56,AGS,ID,ID,N,Y,$933 
467,0.93,Ideal,E,VVS1,61.9,56,AGS,ID,ID,N,Y,"$9,858 "
468,1.01,Premium,I,VS2,61.6,57,GIA,X,X,N,N,"$7,054 "
469,0.82,Ideal,E,VS2,61.8,56,AGS,ID,ID,N,Y,"$4,958 "
470,0.41,Premium,G,VS2,61.7,57,GIA,X,X,N,N,"$1,209 "
471,0.81,Premium,D,VVS2,62.2,56,GIA,X,X,N,N,"$7,524 "
472,0.6,Ideal,G,VS1,61,56.8,AGS,ID,ID,N,Y,"$2,883 "
473,0.34,Premium,D,IF,61.9,56,GIA,X,X,N,N,"$1,694 "
474,0.41,Premium,G,VVS2,61.9,56,GIA,X,X,N,N,"$1,256 "
475,0.5,Ideal,I,VS2,61.6,56,AGS,ID,ID,N,Y,"$1,615 "
476,0.81,Premium,F,VS1,61.7,56,GIA,X,X,N,N,"$5,070 "
477,0.32,Premium,F,VVS1,61.6,58,GIA,X,X,N,N,"$1,097 "
478,0.33,Premium,I,SI1,61.9,55,GIA,X,X,N,N,$620 
479,0.33,Ideal,F,VS1,61.3,56,AGS,ID,ID,N,Y,$828 
480,0.3,Premium,E,VS2,62.4,55,GIA,X,X,N,N,$811 
481,0.73,Ideal,H,VS2,61.3,57,AGS,ID,ID,N,Y,"$3,294 "
482,0.3,Premium,F,VVS1,60.9,58,GIA,X,X,N,N,$916 
483,0.5,Premium,I,VVS1,61.9,56,GIA,X,X,N,N,"$1,780 "
484,0.23,Premium,D,VVS2,61.3,56,GIA,X,X,N,N,$754 
485,0.5,Premium,I,SI1,61.1,57,GIA,X,X,N,N,"$1,451 "
486,0.42,Ideal,I,SI1,61.7,55,AGS,ID,ID,N,Y,$981 
487,0.81,Ideal,F,VS1,61.5,58,AGS,ID,ID,N,Y,"$5,045 "
488,0.27,Premium,G,VS2,61.8,55,GIA,X,X,N,N,$628 
489,0.91,Ideal,F,VS2,61.8,57,AGS,ID,ID,N,Y,"$6,766 "
490,0.62,Ideal,F,SI1,61.9,55,AGS,ID,ID,N,Y,"$1,808 "
491,0.6,Premium,F,VVS2,61.5,56,GIA,X,X,N,N,"$3,137 "
492,0.55,Ideal,I,VS2,61.7,57,AGS,ID,ID,N,Y,"$1,762 "
493,0.31,Premium,G,VS1,61.5,55,GIA,X,X,N,N,$816 
494,0.23,Premium,F,VVS2,61.6,55,GIA,X,X,N,N,$703 
495,1.05,Premium,F,VVS2,61.8,56,GIA,X,X,N,N,"$11,102 "
496,0.5,Premium,F,VS1,62.3,55,GIA,X,X,N,N,"$2,182 "
497,0.43,Ideal,D,VVS2,61.9,55,AGS,ID,ID,N,Y,"$1,364 "
498,1.05,Premium,F,SI1,61.4,57,GIA,X,X,N,N,"$7,624 "
499,0.31,Premium,G,VS2,61.6,55,GIA,X,X,N,N,$789 
500,0.57,Premium,H,VVS2,62.3,55,GIA,X,X,N,N,"$2,070 "
501,0.71,Premium,F,VVS2,61.6,56,GIA,X,X,N,N,"$4,680 "
502,0.26,Premium,D,VS2,61.9,56,GIA,X,X,N,N,$673 
503,0.23,Premium,D,VVS2,61.4,56,GIA,X,X,N,N,$754 
504,0.24,Premium,H,SI1,62.2,57,GIA,X,X,N,N,$518 
505,0.53,Premium,H,VVS1,62.2,57,GIA,X,X,N,N,"$1,938 "
506,0.61,Ideal,E,VVS2,62,56,AGS,ID,ID,N,Y,"$2,837 "
507,0.24,Premium,E,VS2,61.3,56,GIA,X,X,N,N,$583 
508,0.41,Ideal,G,VS2,60.9,57,AGS,ID,ID,N,Y,"$1,205 "
509,0.28,Premium,F,VVS2,61.3,56,GIA,X,X,N,N,$855 
510,0.52,Premium,H,VS1,61.5,56,GIA,X,X,N,N,"$1,867 "
511,0.54,Premium,D,VS2,61.2,57,GIA,X,X,N,N,"$2,232 "
512,0.64,Ideal,E,VS2,61.3,56.6,AGS,ID,ID,N,Y,"$3,419 "
513,0.42,Ideal,G,VS2,61.7,56,AGS,ID,ID,N,Y,"$1,217 "
514,0.23,Premium,F,VS1,61.7,55,GIA,X,X,N,N,$587 
515,0.57,Ideal,E,VVS2,61.9,56,AGS,ID,ID,N,Y,"$2,626 "
516,0.59,Premium,F,SI1,61.3,56,GIA,X,X,N,N,"$1,997 "
517,0.53,Premium,G,VS2,61.8,55,GIA,X,X,N,N,"$1,958 "
518,0.42,Ideal,H,VS2,61.9,56,AGS,ID,ID,N,Y,"$1,191 "
519,0.52,Premium,F,VVS2,61.9,57,GIA,X,X,N,N,"$2,252 "
520,0.71,Premium,E,VS1,61.6,56,GIA,X,X,N,N,"$4,123 "
521,0.4,Premium,G,VVS2,62.2,56,GIA,X,X,N,N,"$1,270 "
522,0.5,Premium,F,VVS2,61.9,55,GIA,X,X,N,N,"$2,359 "
523,0.31,Premium,G,VVS2,61.2,56,GIA,X,X,N,N,$767 
524,0.45,Premium,E,VVS1,61.8,57,GIA,X,X,N,N,"$2,044 "
525,0.42,Premium,E,VVS1,62.3,56,GIA,X,X,N,N,"$1,908 "
526,0.55,Premium,E,VVS2,60.1,58,GIA,X,X,N,N,"$2,598 "
527,0.53,Premium,D,VVS2,61.2,55,GIA,X,X,N,N,"$2,951 "
528,0.66,Premium,G,VS1,62.3,55,GIA,X,X,N,N,"$2,815 "
529,0.61,Premium,H,VVS1,61.7,56,GIA,X,X,N,N,"$2,490 "
530,0.32,Premium,G,VS1,61.6,55,GIA,X,X,N,N,$843 
531,0.26,Premium,F,VS1,61,58,GIA,X,X,N,N,$664 
532,0.41,Premium,G,VVS2,61.5,56,GIA,X,X,N,N,"$1,302 "
533,0.34,Premium,E,VVS2,62.2,56,GIA,X,X,N,N,"$1,083 "
534,0.72,Premium,F,SI1,61.9,57,GIA,X,X,N,N,"$3,156 "
535,0.72,Premium,E,VS2,61.7,56,GIA,X,X,N,N,"$3,910 "
536,0.56,Ideal,H,VS2,61.4,57,AGS,ID,ID,N,Y,"$2,045 "
537,0.56,Premium,F,VS2,61.4,55,GIA,X,X,N,N,"$2,349 "
538,0.33,Premium,H,VS1,61.5,56,GIA,X,X,N,N,$830 
539,0.72,Ideal,G,SI1,61.7,58,AGS,ID,ID,N,Y,"$3,046 "
540,0.32,Ideal,I,SI1,61.4,56,AGS,ID,ID,N,Y,$636 
541,0.41,Ideal,F,VS2,61,57.1,AGS,ID,ID,N,Y,"$1,573 "
542,0.7,Premium,F,SI1,62.2,57,GIA,X,X,N,N,"$3,068 "
543,0.52,Ideal,H,VS2,61.9,56,AGS,ID,ID,N,Y,"$1,877 "
544,0.51,Ideal,G,SI1,62,56,AGS,ID,ID,N,Y,"$1,775 "
545,0.5,Premium,F,VVS2,61,57,GIA,X,X,N,N,"$2,359 "
546,0.31,Premium,G,VS2,61.5,56,GIA,X,X,N,N,$789 
547,0.81,Premium,G,VS1,62.1,57,GIA,X,X,N,N,"$4,913 "
548,0.23,Premium,G,IF,61.6,55,GIA,X,X,N,N,$625 
549,0.34,Premium,I,VS1,60.9,56,GIA,X,X,N,N,$703 
550,0.54,Premium,E,VS1,62.1,56,GIA,X,X,N,N,"$2,233 "
551,0.71,Premium,F,VS1,61.4,56,GIA,X,X,N,N,"$4,113 "
552,0.41,Premium,G,VVS2,62.3,56,GIA,X,X,N,N,"$1,302 "
553,0.7,Premium,H,VVS1,60.9,57,GIA,X,X,N,N,"$3,418 "
554,0.7,Ideal,I,VS2,61.4,57,AGS,ID,ID,N,Y,"$2,798 "
555,0.61,Ideal,H,VS2,61.7,57,AGS,ID,ID,N,Y,"$2,330 "
556,0.61,Premium,F,VVS1,60.9,57,GIA,X,X,N,N,"$3,947 "
557,0.74,Ideal,I,VS2,61.6,57,AGS,ID,ID,N,Y,"$2,954 "
558,0.93,Ideal,I,VS2,61.3,57,AGS,ID,ID,N,Y,"$5,600 "
559,0.62,Ideal,H,SI1,61.9,55,AGS,ID,ID,N,Y,"$2,229 "
560,0.71,Premium,I,VS2,61.8,57,GIA,X,X,N,N,"$2,916 "
561,0.7,Premium,F,VS2,61.7,57,GIA,X,X,N,N,"$3,832 "
562,0.23,Premium,E,VS1,61.9,55,GIA,X,X,N,N,$598 
563,0.8,Ideal,H,SI1,61.4,56,AGS,ID,ID,N,Y,"$3,468 "
564,0.5,Ideal,E,VS2,61.6,56.7,AGS,ID,ID,N,Y,"$2,529 "
565,1.01,Premium,F,VVS1,62,56,GIA,X,X,N,N,"$11,912 "
566,0.57,Premium,G,SI1,61.8,57,GIA,X,X,N,N,"$1,883 "
567,0.6,Ideal,F,VVS2,61.9,57,AGS,ID,ID,N,Y,"$2,683 "
568,0.66,Ideal,I,SI1,61.5,57,AGS,ID,ID,N,Y,"$2,075 "
569,0.65,Premium,G,VS1,62.4,55,GIA,X,X,N,N,"$2,772 "
570,0.42,Ideal,E,VS2,61.4,56.5,AGS,ID,ID,N,Y,"$1,537 "
571,1.04,Premium,E,VS1,61.3,57,GIA,X,X,N,N,"$10,122 "
572,0.31,Premium,E,VS2,61.6,56,GIA,X,X,N,N,$781 
573,0.42,Ideal,E,VS2,61.3,56.6,AGS,ID,ID,N,Y,"$1,537 "
574,0.36,Ideal,I,VS2,61.5,56,AGS,ID,ID,N,Y,$752 
575,0.41,Ideal,H,VS2,61.4,56,AGS,ID,ID,N,Y,"$1,143 "
576,1.05,Ideal,D,VVS2,61.7,56,AGS,ID,ID,N,Y,"$12,456 "
577,0.66,Ideal,D,VS2,61.5,56.1,AGS,ID,ID,N,Y,"$3,641 "
578,0.24,Premium,E,SI1,61.8,56,GIA,X,X,N,N,$462 
579,0.41,Premium,F,VS1,61.5,56,GIA,X,X,N,N,"$1,298 "
580,0.71,Premium,G,VS1,61.4,56,GIA,X,X,N,N,"$3,665 "
581,0.83,Ideal,H,SI1,61.6,55,AGS,ID,ID,N,Y,"$3,753 "
582,0.23,Premium,F,VS1,61.8,55,GIA,X,X,N,N,$587 
583,0.25,Premium,F,VS1,62,56,GIA,X,X,N,N,$638 
584,0.52,Ideal,I,VS2,61.8,56,AGS,ID,ID,N,Y,"$1,662 "
585,0.62,Premium,G,SI1,61.6,56,GIA,X,X,N,N,"$2,172 "
586,0.53,Premium,G,VVS2,61.2,57,GIA,X,X,N,N,"$2,058 "
587,1.01,Premium,E,VS1,61.5,57,GIA,X,X,N,N,"$10,832 "
588,0.54,Ideal,F,VS2,61.7,56,AGS,ID,ID,N,Y,"$2,169 "
589,1.02,Very Good,I,VS1,61.4,57,GIA,VG,G,N,N,"$5,150 "
590,0.41,Ideal,E,VS2,61.2,57.4,AGS,ID,ID,N,Y,"$1,500 "
591,0.63,Ideal,F,VS2,61.7,56,AGS,ID,ID,N,Y,"$2,712 "
592,0.51,Ideal,H,VS2,61.7,56,AGS,ID,ID,N,Y,"$1,870 "
593,0.6,Ideal,F,VVS2,61.7,56,AGS,ID,ID,N,Y,"$2,610 "
594,0.44,Ideal,E,VS1,60.9,57.4,AGS,X,ID,N,Y,"$1,067 "
595,0.4,Premium,G,VVS2,61,58,GIA,X,X,N,N,"$1,232 "
596,0.52,Ideal,G,VS1,61.5,55.5,AGS,ID,ID,N,Y,"$2,499 "
597,0.83,Ideal,H,VS2,61.7,56,AGS,ID,ID,N,Y,"$4,093 "
598,0.56,Ideal,I,VS1,60.9,57,AGS,ID,ID,N,Y,"$1,840 "
599,0.31,Premium,G,VS1,61.6,56,GIA,X,X,N,N,$816 
600,0.72,Ideal,H,VS2,61.8,56,AGS,ID,ID,N,Y,"$3,262 "
601,0.53,Ideal,E,SI1,61.6,55.9,AGS,ID,ID,N,Y,"$2,346 "
602,0.51,Ideal,F,VVS2,61.6,56,AGS,ID,ID,N,Y,"$1,892 "
603,0.31,Premium,D,VS2,61.7,56,GIA,X,X,N,N,$881 
604,0.63,Premium,G,VVS1,61.8,56,GIA,X,X,N,N,"$2,865 "
605,0.52,Ideal,H,VS2,61.8,55,AGS,ID,ID,N,Y,"$1,892 "
606,0.81,Ideal,F,VS2,61.6,56,AGS,ID,ID,N,Y,"$4,850 "
607,0.8,Ideal,G,SI1,61.1,58,AGS,ID,ID,N,Y,"$3,875 "
608,0.35,Premium,D,VS1,62.1,56,GIA,X,X,N,N,"$1,089 "
609,0.61,Ideal,I,VS2,61.9,57,AGS,ID,ID,N,Y,"$1,937 "
610,0.53,Premium,I,VVS2,61.7,57,GIA,X,X,N,N,"$1,724 "
611,0.43,Ideal,E,VS1,61.1,56.5,AGS,ID,ID,N,Y,"$1,630 "
612,0.54,Premium,H,VVS1,62.2,56,GIA,X,X,N,N,"$1,941 "
613,0.51,Ideal,G,VS1,61.3,56,AGS,ID,ID,N,Y,"$2,124 "
614,0.24,Premium,E,VVS1,61.6,55,GIA,X,X,N,N,$805 
615,0.91,Ideal,I,SI1,61.3,57,AGS,ID,ID,N,Y,"$4,341 "
616,0.54,Premium,I,VS1,61.5,57,GIA,X,X,N,N,"$1,677 "
617,0.53,Premium,F,VVS2,61.7,55,GIA,X,X,N,N,"$2,501 "
618,0.56,Premium,G,VS2,60.7,57,GIA,X,X,N,N,"$2,017 "
619,0.3,Premium,G,VS2,62,55,GIA,X,X,N,N,$772 
620,1.01,Premium,I,VVS2,61.7,56,GIA,X,X,N,N,"$6,747 "
621,1.02,Ideal,G,SI1,61.8,55,AGS,ID,ID,N,Y,"$8,831 "
622,0.56,Premium,F,VVS2,62.1,57,GIA,X,X,N,N,"$2,410 "
623,0.26,Premium,E,VS1,61.8,55,GIA,X,X,N,N,$676 
624,1.02,Premium,I,VVS2,61.7,57,GIA,X,X,N,N,"$7,418 "
625,0.52,Ideal,H,VS2,61.6,57,AGS,ID,ID,N,Y,"$1,899 "
626,0.76,Ideal,H,SI1,61.2,56,AGS,ID,ID,N,Y,"$3,061 "
627,0.42,Premium,I,VS1,61.5,56,GIA,X,X,N,N,"$1,070 "
628,0.52,Premium,I,VVS2,61.2,56,GIA,X,X,N,N,"$1,606 "
629,0.4,Ideal,F,VS2,61.7,56,AGS,ID,ID,N,Y,"$1,235 "
630,1.03,Premium,E,VVS1,62.2,56,GIA,X,X,N,N,"$12,994 "
631,0.92,Ideal,G,VS2,61.7,56,AGS,ID,ID,N,Y,"$6,637 "
632,0.4,Premium,G,VVS1,61.7,56,GIA,X,X,N,N,"$1,361 "
633,0.5,Ideal,F,VS2,62,56,AGS,ID,ID,N,Y,"$2,032 "
634,0.53,Premium,H,SI1,62.2,55,GIA,X,X,N,N,"$1,728 "
635,0.7,Ideal,I,VS2,61.8,56,AGS,ID,ID,N,Y,"$2,810 "
636,0.92,Ideal,D,VVS1,61.3,56,AGS,ID,ID,N,Y,"$11,141 "
637,0.41,Premium,H,VVS1,61.7,57,GIA,X,X,N,N,"$1,235 "
638,0.42,Ideal,F,SI1,61.8,55,AGS,ID,ID,N,Y,"$1,097 "
639,0.61,Ideal,E,VS1,61.6,56.7,AGS,ID,ID,N,Y,"$3,203 "
640,0.31,Premium,E,VVS2,60.6,57,GIA,X,X,N,N,$988 
641,0.42,Ideal,G,VS1,61.7,56,AGS,ID,ID,N,Y,"$1,287 "
642,0.42,Ideal,I,VS1,61.9,55,AGS,ID,ID,N,Y,"$1,079 "
643,0.52,Premium,E,VVS2,61.7,56,GIA,X,X,N,N,"$2,676 "
644,0.55,Premium,F,VVS2,61.2,56,GIA,X,X,N,N,"$2,595 "
645,0.33,Premium,F,VS2,61.9,57,GIA,X,X,N,N,$858 
646,0.7,Premium,I,VS2,60.8,58,GIA,X,X,N,N,"$2,875 "
647,0.4,Premium,H,VVS1,61.5,57,GIA,X,X,N,N,"$1,205 "
648,0.81,Premium,G,VS1,61.7,57,GIA,X,X,N,N,"$4,949 "
649,0.7,Premium,G,VVS1,62.2,57,GIA,X,X,N,N,"$3,955 "
650,0.31,Premium,F,VVS2,61.4,56,GIA,X,X,N,N,$928 
651,0.51,Premium,H,VVS1,61.1,56,GIA,X,X,N,N,"$1,838 "
652,0.23,Premium,D,VS2,61.9,55,GIA,X,X,N,N,$569 
653,0.33,Ideal,D,VVS1,61.7,57,AGS,ID,ID,N,Y,"$1,092 "
654,0.54,Premium,I,SI1,61.7,56,GIA,X,X,N,N,"$1,554 "
655,0.51,Premium,H,SI1,61.5,56,GIA,X,X,N,N,"$1,606 "
656,0.4,Premium,H,VVS1,61.9,56,GIA,X,X,N,N,"$1,205 "
657,0.53,Premium,H,VS1,61.1,57,GIA,X,X,N,N,"$1,849 "
658,0.4,Premium,H,VS1,61.8,56,GIA,X,X,N,N,"$1,169 "
659,0.77,Ideal,F,VS1,61.9,55.5,AGS,ID,ID,N,N,"$4,257 "
660,0.32,Premium,G,VS2,61.7,55,GIA,X,X,N,N,$819 
661,0.41,Premium,H,VS2,61.6,56,GIA,X,X,N,N,"$1,145 "
662,0.41,Premium,G,VVS1,61.9,56,GIA,X,X,N,N,"$1,395 "
663,0.53,Ideal,H,VS2,61.9,56,AGS,ID,ID,N,Y,"$1,940 "
664,1.05,Ideal,I,VVS2,62.4,55.2,AGS,ID,ID,N,Y,"$6,288 "
665,0.3,Premium,G,VVS2,61.8,55,GIA,X,X,N,N,$801 
666,0.83,Ideal,E,VS2,61.8,55,AGS,ID,ID,N,Y,"$4,996 "
667,0.41,Premium,G,VS2,61.1,56,GIA,X,X,N,N,"$1,209 "
668,0.62,Ideal,H,SI1,61.9,55,AGS,ID,ID,N,Y,"$2,226 "
669,0.5,Premium,H,IF,60.9,57,GIA,X,X,N,N,"$1,860 "
670,0.41,Premium,D,VS2,61.5,55,GIA,X,X,N,N,"$1,315 "
671,0.73,Ideal,F,SI1,61.8,55,AGS,ID,ID,N,Y,"$3,372 "
672,0.53,Ideal,E,VVS1,61.9,56,AGS,ID,ID,N,Y,"$2,612 "
673,0.55,Premium,F,VVS2,61.1,57,GIA,X,X,N,N,"$2,595 "
674,0.37,Premium,G,VS2,61.7,56,GIA,X,X,N,N,$935 
675,0.71,Ideal,H,VS2,61.4,57,AGS,ID,ID,N,Y,"$3,234 "
676,0.45,Ideal,G,SI1,61.8,57,AGS,ID,ID,N,Y,"$1,099 "
677,0.61,Premium,F,VS2,61.4,56,GIA,X,X,N,N,"$2,491 "
678,0.4,Ideal,D,SI1,61,57.6,AGS,ID,ID,N,Y,"$1,359 "
679,0.31,Premium,D,VS1,61.9,55,GIA,X,X,N,N,$959 
680,0.81,Ideal,H,VS2,61.8,57,AGS,ID,ID,N,Y,"$3,989 "
681,0.61,Ideal,F,SI1,61.2,57,AGS,ID,ID,N,Y,"$2,257 "
682,0.7,Ideal,F,VS1,61.9,56,AGS,ID,ID,N,Y,"$3,966 "
683,0.5,Premium,D,VS2,61.8,57,GIA,X,X,N,N,"$2,067 "
684,0.72,Premium,F,VVS2,62.3,56,GIA,X,X,N,N,"$4,746 "
685,1.02,Premium,D,VS1,61.7,55,GIA,X,X,N,N,"$10,890 "
686,0.51,Premium,F,VS2,61.7,57,GIA,X,X,N,N,"$2,074 "
687,0.56,Ideal,G,SI1,61.8,56,AGS,ID,ID,N,Y,"$1,964 "
688,0.31,Premium,G,VVS1,62,55,GIA,X,X,N,N,$823 
689,0.24,Premium,H,VVS2,61.4,56,GIA,X,X,N,N,$596 
690,0.7,Premium,H,VVS2,61.5,58,GIA,X,X,N,N,"$3,393 "
691,0.7,Ideal,E,SI1,61.4,56.8,AGS,ID,ID,N,N,"$3,476 "
692,0.91,Premium,H,VVS1,61.8,57,GIA,X,X,N,N,"$7,140 "
693,0.41,Ideal,D,SI1,61.6,55.8,AGS,ID,ID,N,Y,"$1,393 "
694,0.33,Premium,H,VVS1,62,55,GIA,X,X,N,N,$828 
695,0.34,Premium,D,VS1,62,55,GIA,X,X,N,N,"$1,023 "
696,0.3,Premium,D,VS2,60.9,57,GIA,X,X,N,N,$878 
697,0.53,Premium,G,VVS1,61.8,56,GIA,X,X,N,N,"$2,343 "
698,0.4,Ideal,F,VVS1,61.1,57.1,AGS,ID,ID,N,Y,"$1,621 "
699,0.25,Premium,F,IF,61.2,56,GIA,X,X,N,N,$842 
700,0.7,Premium,F,VS2,61.9,55,GIA,X,X,N,N,"$3,804 "
701,0.54,Premium,F,SI1,61.3,56,GIA,X,X,N,N,"$1,793 "
702,0.57,Premium,H,VS1,61.2,57,GIA,X,X,N,N,"$2,025 "
703,0.32,Ideal,F,VS2,61.7,57,AGS,ID,ID,N,Y,$947 
704,1.03,Ideal,D,VS1,61.4,55,AGS,ID,ID,N,Y,"$10,971 "
705,0.3,Premium,F,VS2,60.8,57,GIA,X,X,N,N,$706 
706,0.52,Ideal,D,IF,61.9,56,AGS,ID,ID,N,Y,"$3,492 "
707,0.42,Ideal,F,VS1,61,57,AGS,ID,ID,N,Y,"$1,346 "
708,1.04,Ideal,E,VS2,61.6,55.6,AGS,ID,ID,N,Y,"$9,993 "
709,1.04,Ideal,H,VS2,61,57,AGS,ID,ID,N,Y,"$6,912 "
710,0.52,Ideal,H,SI1,62.1,55,AGS,ID,ID,N,Y,"$1,753 "
711,0.51,Premium,G,VS1,61.5,56,GIA,X,X,N,N,"$1,940 "
712,0.54,Ideal,D,VS1,61.3,57.5,AGS,ID,ID,N,Y,"$3,073 "
713,0.6,Premium,F,VVS2,61.4,57,GIA,X,X,N,N,"$3,137 "
714,0.32,Premium,G,SI1,61.5,56,GIA,X,X,N,N,$657 
715,0.3,Premium,H,VVS1,61.8,56,GIA,X,X,N,N,$793 
716,0.42,Premium,G,VS1,62,55,GIA,X,X,N,N,"$1,250 "
717,0.4,Ideal,F,VS1,61.3,57.2,AGS,ID,ID,N,Y,"$1,464 "
718,0.26,Premium,H,VVS1,61.5,55,GIA,X,X,N,N,$663 
719,0.3,Premium,F,VS2,61.8,55,GIA,X,X,N,N,$780 
720,0.81,Premium,D,IF,61.8,56,GIA,X,X,N,N,"$9,512 "
721,0.57,Premium,H,SI1,61.3,56,GIA,X,X,N,N,"$1,803 "
722,0.57,Premium,D,IF,62.1,57,GIA,X,X,N,N,"$3,025 "
723,0.7,Premium,G,VVS2,62.2,55,GIA,X,X,N,N,"$3,853 "
724,0.43,Premium,F,VVS1,62,56,GIA,X,X,N,N,"$1,837 "
725,0.32,Premium,D,VS2,60.9,57,GIA,X,X,N,N,$821 
726,0.72,Premium,I,VS2,61.8,57,GIA,X,X,N,N,"$2,957 "
727,0.51,Premium,G,VS1,62,56,GIA,X,X,N,N,"$1,940 "
728,0.23,Premium,F,VVS2,61.5,56,GIA,X,X,N,N,$654 
729,0.81,Ideal,F,VS1,61.7,57,AGS,ID,ID,N,Y,"$4,244 "
730,0.37,Premium,F,VS2,61.5,56,GIA,X,X,N,N,$949 
731,0.42,Ideal,D,SI1,61.4,56.5,AGS,ID,ID,N,Y,"$1,427 "
732,0.6,Premium,E,SI1,61.4,56,GIA,X,VG,N,N,"$2,571 "
733,0.81,Premium,H,VS2,61.8,57,GIA,X,X,N,N,"$4,268 "
734,0.5,Ideal,I,VS1,61.5,57,AGS,ID,ID,N,Y,"$1,654 "
735,0.71,Premium,G,VVS2,61.7,58,GIA,X,X,N,N,"$3,908 "
736,0.23,Premium,F,VVS2,61.7,55,GIA,X,X,N,N,$703 
737,0.52,Ideal,H,SI1,61.9,54.9,AGS,ID,ID,N,N,"$1,479 "
738,0.33,Premium,E,VS2,61,56,GIA,X,X,N,N,$777 
739,1.04,Premium,G,SI1,61,55,GIA,X,X,N,N,"$7,097 "
740,0.42,Ideal,G,VS2,61.9,56,AGS,ID,ID,N,Y,"$1,272 "
741,0.42,Premium,G,VVS2,61.8,55,GIA,X,X,N,N,"$1,334 "
742,0.7,Premium,G,VS2,61.6,56,GIA,X,X,N,N,"$3,552 "
743,0.53,Ideal,H,VS1,61.7,57,AGS,ID,ID,N,Y,"$1,936 "
744,0.32,Premium,F,SI1,61.5,55,GIA,X,X,N,N,$795 
745,0.25,Premium,G,VVS1,61.7,55,GIA,X,X,N,N,$672 
746,0.31,Ideal,I,SI1,61.8,56,AGS,ID,ID,N,Y,$624 
747,0.24,Premium,F,VVS2,61.2,56,GIA,X,X,N,N,$733 
748,0.31,Ideal,H,SI1,61.8,57,AGS,ID,ID,N,Y,$679 
749,0.54,Ideal,D,VS2,61.2,56.4,AGS,ID,ID,N,Y,"$2,868 "
750,0.55,Ideal,G,SI1,61.7,56,AGS,ID,ID,N,Y,"$1,926 "
751,0.23,Premium,F,VS1,61.7,55,GIA,X,X,N,N,$587 
752,0.56,Premium,D,VS2,61.9,55,GIA,X,X,N,N,"$2,315 "
753,1.03,Ideal,F,VVS1,62.4,55.2,AGS,ID,ID,N,Y,"$10,574 "
754,1.05,Premium,G,VS2,61.6,56,GIA,X,X,N,N,"$8,794 "
755,1,Premium,F,VVS1,61.7,55,GIA,X,X,N,N,"$11,794 "
756,0.52,Ideal,G,SI1,61.8,56,AGS,ID,ID,N,Y,"$1,824 "
757,0.51,Premium,D,VS1,62.2,56,GIA,X,X,N,N,"$2,377 "
758,0.24,Premium,F,VVS2,61.5,57,GIA,X,X,N,N,$733 
759,1.04,Ideal,I,SI1,61.5,56,AGS,ID,ID,N,Y,"$7,544 "
760,0.4,Premium,G,VVS1,62,57,GIA,X,X,N,N,"$1,361 "
761,0.3,Premium,G,VVS2,61.9,56,GIA,X,X,N,N,$801 
762,0.41,Premium,F,VS1,62.1,56,GIA,X,X,N,N,"$1,328 "
763,0.6,Premium,H,VVS1,61.2,55,GIA,X,X,N,N,"$2,377 "
764,1.02,Ideal,D,IF,60.6,57,AGS,ID,ID,N,Y,"$15,983 "
765,0.51,Ideal,H,SI1,61.8,55,AGS,ID,ID,N,Y,"$1,719 "
766,0.26,Premium,I,VVS2,61.7,55,GIA,X,X,N,N,$562 
767,0.71,Ideal,I,SI1,61.4,57,AGS,ID,ID,N,Y,"$2,639 "
768,0.4,Premium,F,VVS2,61.6,55,GIA,X,X,N,N,"$1,480 "
769,1.03,Premium,I,VS1,61,56,GIA,X,X,N,N,"$6,880 "
770,0.6,Ideal,G,VS1,61.3,56.6,AGS,ID,ID,N,Y,"$2,883 "
771,0.72,Premium,G,VS2,62.3,56,GIA,X,X,N,N,"$3,654 "
772,0.41,Premium,G,SI1,60.2,58,GIA,X,X,N,N,"$1,115 "
773,0.8,Ideal,G,VS2,61.3,59,AGS,ID,ID,N,Y,"$3,832 "
774,0.9,Premium,E,VVS1,60.8,58,GIA,X,X,N,N,"$9,845 "
775,1.01,Premium,I,VVS1,61.8,56,GIA,X,X,N,N,"$7,007 "
776,0.41,Premium,D,VS2,61.6,56,GIA,X,X,N,N,"$1,315 "
777,0.71,Premium,G,VVS2,62.1,57,GIA,X,X,N,N,"$3,731 "
778,0.31,Premium,F,VS2,61.3,57,GIA,X,X,N,N,$730 
779,1.02,Premium,E,VS1,61.6,56,GIA,X,X,N,N,"$9,812 "
780,0.25,Premium,F,VS2,61.7,56,GIA,X,X,N,N,$576 
781,0.83,Premium,G,VVS1,61.9,57,GIA,X,X,N,N,"$5,614 "
782,0.42,Ideal,F,VS2,61.5,57,AGS,ID,ID,N,Y,"$1,268 "
783,0.25,Premium,D,VS2,61.8,55,GIA,X,X,N,N,$647 
784,0.4,Premium,F,VVS2,61.5,56,GIA,X,X,N,N,"$1,480 "
785,0.23,Premium,G,VVS2,61.6,56,GIA,X,X,N,N,$592 
786,0.25,Premium,H,VVS1,61.7,55,GIA,X,X,N,N,$638 
787,0.32,Ideal,D,VS1,61,57,AGS,ID,ID,N,Y,$996 
788,0.84,Ideal,G,SI1,61.7,56,AGS,ID,ID,N,Y,"$3,951 "
789,0.54,Premium,F,VVS2,62.1,56,GIA,X,X,N,N,"$2,548 "
790,0.61,Premium,G,VS1,61,57,GIA,X,X,N,N,"$2,601 "
791,0.72,Premium,H,VVS1,61.6,56,GIA,X,X,N,N,"$3,489 "
792,0.32,Premium,H,SI1,61.2,57,GIA,X,X,N,N,$626 
793,0.41,Ideal,G,SI1,61.5,57,AGS,ID,ID,N,Y,"$1,012 "
794,0.36,Premium,I,VVS1,61.3,56,GIA,X,X,N,N,$801 
795,0.52,Ideal,F,SI1,62,56,AGS,ID,ID,N,Y,"$1,831 "
796,0.7,Premium,F,VVS2,61.7,55,GIA,X,X,N,N,"$4,614 "
797,0.58,Ideal,I,SI1,61.9,56,AGS,ID,ID,N,Y,"$1,704 "
798,0.62,Premium,F,VS2,60.5,59,GIA,VG,X,N,N,"$1,900 "
799,0.7,Ideal,F,VS1,61.9,55,AGS,ID,ID,N,Y,"$3,971 "
800,0.6,Premium,F,VVS2,62.3,56,GIA,X,X,N,N,"$3,137 "
801,0.43,Ideal,E,VS2,61.6,56.7,AGS,ID,ID,N,Y,"$1,574 "
802,0.61,Premium,F,VS2,61.4,55,GIA,X,X,N,N,"$2,575 "
803,0.43,Ideal,F,VS2,61.7,56,AGS,ID,ID,N,Y,"$1,315 "
804,0.31,Premium,E,VS1,61.8,56,GIA,X,X,N,N,$838 
805,0.35,Premium,I,IF,60.9,57,GIA,X,X,N,N,$808 
806,1.01,Premium,I,VVS1,61.6,56,GIA,X,X,N,N,"$7,007 "
807,1,Premium,F,VVS1,61.3,57,GIA,X,X,N,N,"$10,990 "
808,0.4,Premium,G,VS1,62,57,GIA,X,X,N,N,"$1,206 "
809,0.42,Ideal,F,VS1,61.4,57,AGS,ID,ID,N,Y,"$1,324 "
810,0.71,Premium,I,VS2,60.9,58,GIA,X,X,N,N,"$2,767 "
811,0.54,Premium,H,SI1,61.5,57,GIA,X,X,N,N,"$1,749 "
812,0.91,Ideal,G,SI1,61.7,56,AGS,ID,ID,N,Y,"$5,020 "
813,0.34,Premium,D,SI1,62.1,56,GIA,X,X,N,N,$916 
814,0.7,Ideal,D,VS2,61,57.3,AGS,ID,ID,N,Y,"$4,583 "
815,1.01,Premium,I,SI1,62,57,GIA,X,X,N,N,"$6,343 "
816,0.56,Premium,H,VS2,61.4,57,GIA,X,X,N,N,"$1,935 "
817,0.56,Ideal,I,SI1,61.8,57,AGS,ID,ID,N,Y,"$1,645 "
818,0.31,Premium,G,VS2,60.7,58,GIA,X,X,N,N,$766 
819,0.55,Premium,F,VVS2,62.3,56,GIA,X,X,N,N,"$2,595 "
820,1.05,Premium,I,VVS2,61.7,55,GIA,X,X,N,N,"$7,124 "
821,0.62,Premium,H,VVS1,61.8,57,GIA,X,X,N,N,"$2,531 "
822,0.61,Ideal,F,VS1,61,57,AGS,ID,ID,N,Y,"$2,793 "
823,0.7,Ideal,H,SI1,60.8,57,AGS,ID,ID,N,Y,"$2,886 "
824,0.42,Premium,F,VVS2,61.1,57,GIA,X,X,N,N,"$1,554 "
825,0.61,Ideal,I,VS2,61.5,57,AGS,ID,ID,N,Y,"$2,234 "
826,0.31,Ideal,D,VVS1,61.7,56,AGS,ID,ID,N,Y,$967 
827,0.36,Premium,I,VS1,61.4,56,GIA,X,X,N,N,$745 
828,0.61,Ideal,G,VS1,61.1,55.9,AGS,ID,ID,N,Y,"$3,030 "
829,0.4,Premium,F,VVS2,61.6,57,GIA,X,X,N,N,"$1,480 "
830,0.42,Ideal,E,VS2,61.3,56.9,AGS,ID,ID,N,Y,"$1,537 "
831,0.32,Premium,E,VS2,61.9,56,GIA,X,X,N,N,$754 
832,0.41,Premium,G,VS1,61.2,56,GIA,X,X,N,N,"$1,229 "
833,0.83,Ideal,G,SI1,61.4,56,AGS,ID,ID,N,Y,"$4,014 "
834,0.61,Premium,E,VVS1,61.9,57,GIA,X,X,N,N,"$4,217 "
835,0.34,Premium,F,VS1,61.4,56,GIA,X,X,N,N,$908 
836,0.61,Premium,E,SI1,61.8,57,GIA,X,X,N,N,"$2,193 "
837,0.41,Ideal,G,SI1,61.8,56,AGS,ID,ID,N,Y,"$1,012 "
838,0.62,Premium,G,VS1,62,55,GIA,X,X,N,N,"$2,644 "
839,0.51,Premium,F,VS2,62.1,55,GIA,X,X,N,N,"$1,939 "
840,1.03,Ideal,F,VS1,61.5,57,AGS,ID,ID,N,Y,"$10,129 "
841,0.54,Premium,I,VS2,60.5,56,GIA,X,X,N,N,"$1,618 "
842,0.5,Ideal,E,VS1,61.5,56.2,AGS,ID,ID,N,Y,"$2,655 "
843,0.44,Ideal,G,SI1,61.8,57,AGS,ID,ID,N,Y,"$1,076 "
844,0.52,Ideal,H,VS2,61.8,56,AGS,ID,ID,N,Y,"$1,913 "
845,0.54,Premium,E,VS2,61.1,56,GIA,X,X,N,N,"$2,124 "
846,1.02,Premium,H,VVS1,61.7,57,GIA,X,X,N,N,"$8,803 "
847,0.33,Ideal,E,VS1,61.8,56,AGS,ID,ID,N,Y,$989 
848,0.61,Premium,H,VS1,62.3,56,GIA,X,X,N,N,"$2,406 "
849,0.57,Ideal,G,VS2,61.2,56.9,AGS,ID,ID,N,Y,"$2,595 "
850,0.5,Premium,F,IF,61.3,57,GIA,X,X,N,N,"$2,643 "
851,0.7,Premium,F,VS1,61.8,56,GIA,X,X,N,N,"$4,055 "
852,0.41,Premium,G,VS1,61.7,56,GIA,X,X,N,N,"$1,194 "
853,0.3,Premium,E,VVS2,61.4,55,GIA,X,X,N,N,$956 
854,1.01,Premium,I,VVS2,61.2,55,GIA,X,X,N,N,"$6,903 "
855,0.82,Ideal,I,SI1,62,56,AGS,ID,ID,N,Y,"$3,056 "
856,0.62,Ideal,D,VVS1,60.8,57,AGS,ID,ID,N,Y,"$3,589 "
857,0.82,Premium,F,VVS1,61.9,56,GIA,X,X,N,N,"$7,065 "
858,0.7,Premium,G,VVS1,61.1,57,GIA,X,X,N,N,"$4,006 "
859,0.8,Premium,H,VS2,61.7,57,GIA,X,X,N,N,"$4,247 "
860,0.3,Ideal,E,VS1,61.6,57,AGS,ID,ID,N,Y,$795 
861,0.58,Ideal,G,VS2,61.2,56,AGS,ID,ID,N,Y,"$2,013 "
862,0.84,Premium,H,VVS2,61.4,55,GIA,X,X,N,N,"$4,751 "
863,0.31,Premium,H,VVS1,61.7,55,GIA,X,X,N,N,$796 
864,0.6,Ideal,D,VS2,61.3,55.7,AGS,ID,ID,N,Y,"$3,294 "
865,0.4,Premium,G,VVS1,61.6,56,GIA,X,X,N,N,"$1,347 "
866,0.7,Premium,H,VVS2,62.2,56,GIA,X,X,N,N,"$3,393 "
867,0.72,Premium,H,VVS1,62.4,56,GIA,X,X,N,N,"$3,516 "
868,0.76,Premium,D,VVS1,61.3,57,GIA,X,X,N,N,"$6,119 "
869,0.82,Ideal,I,VS2,61.9,57,AGS,ID,ID,N,Y,"$3,646 "
870,0.53,Ideal,F,VVS2,62,56,AGS,ID,ID,N,Y,"$2,262 "
871,0.54,Premium,H,VS2,60.5,56,GIA,X,X,N,N,"$1,865 "
872,0.55,Premium,H,VS1,61.5,57,GIA,X,X,N,N,"$1,954 "
873,0.7,Premium,H,VVS1,61.2,57,GIA,X,X,N,N,"$3,401 "
874,0.74,Premium,F,VVS2,61.5,56,GIA,X,X,N,N,"$4,878 "
875,0.5,Ideal,E,VS2,61.1,57,AGS,ID,ID,N,Y,"$2,082 "
876,0.32,Premium,F,VVS2,61.6,55,GIA,X,X,N,N,$958 
877,1.03,Premium,E,VS1,61.1,57,GIA,X,X,N,N,"$9,909 "
878,0.53,Premium,H,VS1,61.8,56,GIA,X,X,N,N,"$1,849 "
879,0.82,Premium,G,VVS2,62.2,57,GIA,X,X,N,N,"$5,180 "
880,0.41,Premium,G,VS2,61.1,57,GIA,X,X,N,N,"$1,209 "
881,0.53,Premium,E,VS1,61.6,56,GIA,X,X,N,N,"$2,192 "
882,1.05,Ideal,F,VVS2,61.6,56.4,AGS,ID,ID,N,Y,"$11,100 "
883,0.55,Premium,F,VVS1,62.3,56,GIA,X,X,N,N,"$2,840 "
884,0.31,Ideal,I,VS2,61.7,55,AGS,ID,ID,N,Y,$635 
885,0.7,Ideal,H,VS2,60.5,58,AGS,ID,ID,N,Y,"$3,194 "
886,0.33,Ideal,D,VVS1,61.8,56,AGS,ID,ID,N,Y,"$1,092 "
887,0.52,Premium,F,VVS2,61.6,56,GIA,X,X,N,N,"$2,454 "
888,0.72,Premium,D,VVS1,61.8,56,GIA,X,X,N,N,"$5,797 "
889,0.51,Ideal,E,VS1,61.4,55.2,AGS,ID,ID,N,Y,"$2,709 "
890,0.59,Premium,E,VVS1,61.8,56,GIA,X,X,N,N,"$3,100 "
891,1.02,Premium,I,VS1,61.9,55,GIA,X,X,N,N,"$6,709 "
892,0.83,Premium,F,VS2,61.9,56,GIA,X,X,N,N,"$6,283 "
893,0.33,Premium,F,VS1,61.4,56,GIA,X,X,N,N,$881 
894,0.9,Ideal,D,VVS1,61.2,55.8,AGS,ID,ID,N,Y,"$12,270 "
895,0.32,Ideal,F,VS2,61.4,56,AGS,ID,ID,N,Y,$927 
896,0.3,Premium,F,VVS1,61.3,57,GIA,X,X,N,N,$909 
897,0.51,Premium,G,VVS2,61.4,56,GIA,X,X,N,N,"$1,980 "
898,0.56,Premium,E,VVS2,61.1,57,GIA,X,X,N,N,"$2,882 "
899,0.32,Premium,E,VS1,62.1,57,GIA,X,X,N,N,$865 
900,0.6,Ideal,E,VS2,61,56.8,AGS,ID,ID,N,Y,"$3,137 "
901,0.62,Ideal,G,SI1,61.8,56,AGS,ID,ID,N,Y,"$2,239 "
902,0.62,Premium,E,SI1,62.3,57,GIA,X,X,N,N,"$2,246 "
903,0.53,Premium,H,VVS2,61.7,57,GIA,X,X,N,N,"$1,876 "
904,0.5,Ideal,E,VS1,61.6,55.7,AGS,ID,ID,N,Y,"$2,655 "
905,0.7,Premium,F,VS2,61.8,58,GIA,X,X,N,N,"$3,832 "
906,0.35,Premium,G,VVS2,62,55,GIA,X,X,N,N,$914 
907,0.54,Premium,H,VVS2,61.5,55,GIA,X,X,N,N,"$1,961 "
908,1.01,Premium,I,VVS1,61.5,57,GIA,X,X,N,N,"$7,007 "
909,0.6,Premium,H,VVS1,61.2,58,GIA,X,X,N,N,"$2,449 "
910,0.4,Premium,G,VVS2,61.5,56,GIA,X,X,N,N,"$1,270 "
911,0.32,Premium,F,IF,62,57,GIA,X,X,N,N,"$1,142 "
912,0.24,Premium,F,VS2,60.9,57,GIA,X,X,N,N,$577 
913,0.71,Ideal,F,VS2,61.9,57,AGS,ID,ID,N,Y,"$3,829 "
914,0.41,Premium,H,VS2,62,55,GIA,X,X,N,N,"$1,093 "
915,0.51,Premium,H,VVS2,61.1,57,GIA,X,X,N,N,"$1,852 "
916,0.5,Ideal,H,VS2,61.5,57,AGS,ID,ID,N,Y,"$1,834 "
917,0.76,Premium,I,VS2,61.5,57,GIA,X,X,N,N,"$3,121 "
918,0.55,Ideal,I,SI1,61.7,56,AGS,ID,ID,N,Y,"$1,610 "
919,0.3,Premium,F,VS2,61.3,56,GIA,X,X,N,N,$780 
920,0.3,Premium,E,VS1,62,56,GIA,X,X,N,N,$819 
921,0.71,Premium,F,VS1,61.3,58,GIA,X,X,N,N,"$4,113 "
922,0.51,Premium,E,VS1,62,57,GIA,X,X,N,N,"$2,109 "
923,0.58,Premium,G,SI1,61.9,57,GIA,X,X,N,N,"$1,902 "
924,0.71,Premium,G,VS2,62.2,56,GIA,X,X,N,N,"$3,534 "
925,0.71,Premium,H,VVS1,62.1,56,GIA,X,X,N,N,"$3,493 "
926,0.32,Premium,G,VVS2,61.2,55,GIA,X,X,N,N,$792 
927,0.7,Ideal,G,SI1,61.7,57,AGS,ID,ID,N,Y,"$2,908 "
928,0.51,Premium,G,VVS1,60,58,GIA,X,X,N,N,"$2,062 "
929,1.03,Ideal,E,SI1,61.6,56.1,AGS,ID,ID,N,Y,"$9,223 "
930,0.6,Premium,F,VVS1,61.3,55,GIA,X,X,N,N,"$3,882 "
931,0.82,Ideal,D,IF,61.4,56,AGS,ID,ID,N,Y,"$7,897 "
932,0.71,Ideal,I,VS1,61.9,56,AGS,ID,ID,N,Y,"$2,903 "
933,1.01,Ideal,G,VVS1,61.6,55,AGS,ID,ID,N,Y,"$8,137 "
934,0.4,Premium,G,VVS1,61.7,56,GIA,X,X,N,N,"$1,361 "
935,1.01,Ideal,I,VS1,60.6,57,AGS,ID,ID,N,Y,"$6,386 "
936,1.03,Ideal,G,VS1,61.7,57,AGS,ID,ID,N,Y,"$9,070 "
937,0.56,Premium,F,VVS2,62.3,56,GIA,X,X,N,N,"$2,642 "
938,0.32,Premium,D,VVS2,61.4,57,GIA,X,X,N,N,"$1,144 "
939,0.4,Ideal,E,VVS1,61,57.2,AGS,ID,ID,N,Y,"$1,530 "
940,0.3,Premium,H,VS2,61.5,56,GIA,X,X,N,N,$722 
941,0.73,Premium,H,VS2,62,57,GIA,X,X,N,N,"$3,419 "
942,0.51,Premium,F,VS1,61.5,55,GIA,X,X,N,N,"$2,078 "
943,0.7,Premium,F,VS2,61.7,55,GIA,X,X,N,N,"$3,832 "
944,0.61,Ideal,F,VS1,61.7,56,AGS,ID,ID,N,Y,"$2,754 "
945,0.7,Premium,G,VS2,62,56,GIA,X,X,N,N,"$3,552 "
946,0.56,Ideal,D,IF,61.9,56,AGS,ID,ID,N,Y,"$3,776 "
947,0.75,Ideal,E,VS1,61.7,57,AGS,ID,ID,N,Y,"$4,337 "
948,0.54,Premium,F,VVS1,61.4,56,GIA,X,X,N,N,"$3,264 "
949,0.82,Premium,F,VVS1,61.8,56,GIA,X,X,N,N,"$7,065 "
950,0.58,Ideal,E,VVS2,62,55.4,AGS,ID,X,N,N,"$3,023 "
951,0.26,Premium,I,VS1,61.6,55,GIA,X,X,N,N,$528 
952,0.5,Premium,F,IF,60.6,58,GIA,X,X,N,N,"$2,643 "
953,0.26,Premium,G,VVS1,61.3,56,GIA,X,X,N,N,$699 
954,0.32,Premium,E,VS2,61.6,55,GIA,X,X,N,N,$843 
955,0.32,Premium,G,VVS1,60.6,58,GIA,X,X,N,N,$850 
956,0.43,Ideal,E,VVS1,61.1,56.5,AGS,ID,ID,N,Y,"$1,645 "
957,0.71,Premium,G,VS2,61.3,57,GIA,X,X,N,N,"$3,534 "
958,0.51,Ideal,H,SI1,61.4,56,AGS,ID,ID,N,Y,"$1,736 "
959,0.45,Ideal,I,VS1,61.4,56,AGS,ID,ID,N,Y,"$1,079 "
960,0.51,Premium,F,VVS1,60.4,58,GIA,X,X,N,N,"$2,634 "
961,0.6,Premium,F,VS1,62.3,56,GIA,X,X,N,N,"$2,759 "
962,0.41,Premium,G,VS2,61.8,57,GIA,X,X,N,N,"$1,132 "
963,0.75,Premium,F,VVS2,61.4,57,GIA,X,X,N,N,"$4,944 "
964,0.51,Ideal,H,VS2,62,55,AGS,ID,ID,N,Y,"$1,859 "
965,0.71,Premium,I,VVS1,62.2,56,GIA,X,X,N,N,"$3,059 "
966,1.02,Premium,H,VS1,61,56,GIA,X,X,N,N,"$8,245 "
967,0.61,Ideal,I,VS1,61.7,56,AGS,ID,ID,N,Y,"$2,102 "
968,0.28,Premium,F,VVS2,61.2,56,GIA,X,X,N,N,$855 
969,0.24,Premium,F,VVS2,61.2,56,GIA,X,X,N,N,$733 
970,0.41,Ideal,I,VS1,61.8,56,AGS,ID,ID,N,Y,"$1,068 "
971,0.55,Ideal,F,VS1,61.8,56,AGS,ID,ID,N,Y,"$2,130 "
972,0.25,Premium,F,SI1,61.5,55,GIA,X,X,N,N,$470 
973,0.32,Premium,F,VS2,61.6,57,GIA,X,X,N,N,$753 
974,0.35,Premium,I,IF,61.2,55,GIA,X,X,N,N,$813 
975,0.51,Ideal,H,SI1,61.8,56,AGS,ID,ID,N,Y,"$1,713 "
976,0.53,Premium,F,SI1,61.6,57,GIA,X,X,N,N,"$1,773 "
977,1.01,Ideal,E,VS2,61.5,56.7,AGS,ID,ID,N,Y,"$9,705 "
978,0.4,Premium,G,VS1,61.7,57,GIA,X,X,N,N,"$1,206 "
979,0.56,Premium,F,VVS2,60.9,56,GIA,X,X,N,N,"$2,577 "
980,1.04,Premium,I,VVS1,62.2,55,GIA,X,X,N,N,"$7,215 "
981,0.24,Premium,E,VS1,61.5,55,GIA,X,X,N,N,$624 
982,0.54,Ideal,H,SI1,61.5,57,AGS,ID,ID,N,Y,"$1,835 "
983,0.5,Premium,D,VS1,61.5,56,GIA,X,X,N,N,"$2,330 "
984,0.4,Ideal,I,VS1,61.9,56,AGS,ID,ID,N,Y,"$1,037 "
985,0.71,Premium,I,SI1,62.1,56,GIA,X,X,N,N,"$2,575 "
986,0.23,Premium,E,VS2,61.1,56,GIA,X,X,N,N,$559 
987,0.27,Premium,F,VS1,61.8,55,GIA,X,X,N,N,$689 
988,0.7,Premium,H,VS2,61.4,57,GIA,X,X,N,N,"$3,219 "
989,0.56,Ideal,D,IF,62,56,AGS,ID,ID,N,Y,"$3,756 "
990,0.52,Ideal,H,SI1,61.9,55,AGS,ID,ID,N,Y,"$1,777 "
991,0.24,Premium,F,VVS2,61.9,55,GIA,X,X,N,N,$733 
992,0.33,Premium,D,VS2,61.2,56,GIA,X,X,N,N,$939 
993,0.41,Ideal,H,VS2,61.6,57,AGS,ID,ID,N,Y,"$1,154 "
994,0.4,Premium,G,SI1,61.5,57,GIA,X,X,N,N,"$1,030 "
995,0.43,Premium,G,VVS1,62.2,56,GIA,X,X,N,N,"$1,463 "
996,0.61,Premium,E,VS2,61.6,56,GIA,X,X,N,N,"$2,656 "
997,0.6,Ideal,E,VS2,60.8,57.6,AGS,ID,ID,N,Y,"$3,137 "
998,0.82,Premium,D,IF,61.7,57,GIA,X,X,N,N,"$7,576 "
999,0.25,Premium,G,VVS2,61.3,55,GIA,X,X,N,N,$643 
1000,0.7,Premium,F,SI1,60.8,57,GIA,X,X,N,N,"$3,088 "
1001,0.63,Premium,F,VVS2,61.6,55,GIA,X,X,N,N,"$3,294 "
1002,0.6,Premium,G,VS2,61.8,56,GIA,X,X,N,N,"$2,415 "
1003,0.71,Ideal,F,VVS1,61.2,56,AGS,ID,ID,N,Y,"$4,282 "
1004,0.54,Ideal,F,VS1,61.3,57,AGS,ID,ID,N,Y,"$2,392 "
1005,0.83,Ideal,H,SI1,61.8,57,AGS,ID,ID,N,Y,"$3,684 "
1006,0.4,Premium,I,VVS2,60.8,58,GIA,X,X,N,N,$984 
1007,0.31,Premium,E,VVS1,61.8,55,GIA,X,X,N,N,"$1,140 "
1008,0.81,Ideal,G,VS2,61,57,AGS,ID,ID,N,Y,"$4,396 "
1009,0.81,Ideal,G,VS2,61.6,57,AGS,ID,ID,N,Y,"$4,391 "
1010,0.4,Premium,G,VS1,61.6,56,GIA,X,X,N,N,"$1,191 "
1011,0.6,Ideal,H,VS2,61.4,57,AGS,ID,ID,N,Y,"$2,289 "
1012,0.43,Premium,F,VVS1,61.4,56,GIA,X,X,N,N,"$1,837 "
1013,0.7,Ideal,G,SI1,61.7,57,AGS,ID,ID,N,Y,"$3,016 "
1014,0.51,Premium,G,SI1,61.9,55,GIA,X,X,N,N,"$1,695 "
1015,0.32,Premium,F,VS1,61.7,55,GIA,X,X,N,N,$843 
1016,0.61,Premium,H,VVS2,61.5,55,GIA,X,X,N,N,"$2,390 "
1017,0.52,Premium,H,VVS2,61.8,58,GIA,X,X,N,N,"$1,888 "
1018,0.31,Premium,H,SI1,62,55,GIA,X,X,N,N,$648 
1019,0.52,Premium,H,VVS2,60.7,56,GIA,X,X,N,N,"$1,888 "
1020,0.33,Premium,H,VVS1,61.5,55,GIA,X,X,N,N,$847 
1021,0.36,Premium,I,VS2,61.4,56,GIA,X,X,N,N,$723 
1022,0.71,Premium,G,VS2,61.4,57,GIA,X,X,N,N,"$3,603 "
1023,0.4,Ideal,F,VS2,61.1,57,AGS,ID,ID,N,Y,"$1,223 "
1024,0.3,Ideal,I,VS2,60.8,57,AGS,ID,ID,N,Y,$634 
1025,0.71,Premium,F,VS2,61.8,56,GIA,X,X,N,N,"$3,887 "
1026,0.82,Ideal,H,VS2,61.9,57,AGS,ID,ID,N,Y,"$3,847 "
1027,0.34,Premium,F,VS1,61.8,56,GIA,X,X,N,N,$826 
1028,0.51,Ideal,E,VS1,61.3,56.6,AGS,ID,ID,N,Y,"$2,709 "
1029,0.9,Ideal,G,SI1,61.8,57,AGS,ID,ID,N,Y,"$5,663 "
1030,0.72,Premium,H,VVS2,61.6,58,GIA,X,X,N,N,"$3,490 "
1031,0.42,Premium,G,VS1,61.7,55,GIA,X,X,N,N,"$1,267 "
1032,0.7,Premium,D,VS2,61.6,55,GIA,X,X,N,N,"$4,171 "
1033,0.32,Ideal,E,VS1,61.4,57,AGS,ID,ID,N,Y,$969 
1034,0.4,Premium,G,VVS1,61,56,GIA,X,X,N,N,"$1,361 "
1035,0.33,Premium,F,VS2,61.5,56,GIA,X,X,N,N,$823 
1036,0.33,Premium,F,VVS2,61.2,57,GIA,X,X,N,N,$988 
1037,1.02,Premium,D,VS2,61.7,57,GIA,X,X,N,N,"$9,728 "
1038,1.01,Ideal,H,VVS2,61.2,56.9,AGS,ID,ID,N,Y,"$8,613 "
1039,0.5,Good,G,SI1,62.4,55,GIA,G,G,N,N,$895 
1040,1.04,Premium,G,VS2,62,56,GIA,X,X,N,N,"$8,161 "
1041,0.31,Ideal,I,SI1,61.5,56,AGS,ID,ID,N,Y,$633 
1042,0.57,Premium,H,SI1,60.7,57,GIA,X,X,N,N,"$1,803 "
1043,0.3,Premium,F,IF,61.4,54,GIA,X,X,N,N,"$1,070 "
1044,1.05,Premium,D,VS1,61.6,56,GIA,X,X,N,N,"$11,331 "
1045,0.44,Premium,H,VS1,61.3,56,GIA,X,X,N,N,"$1,267 "
1046,0.7,Premium,F,VS2,60.9,56,GIA,X,X,N,N,"$3,832 "
1047,0.7,Premium,G,VVS2,61.7,56,GIA,X,X,N,N,"$3,706 "
1048,0.43,Premium,E,VVS2,61.3,56,GIA,X,X,N,N,"$1,692 "
1049,0.72,Premium,F,VS2,62.2,56,GIA,X,X,N,N,"$3,941 "
1050,0.91,Ideal,F,VVS1,61.7,57,AGS,ID,ID,N,Y,"$8,221 "
1051,0.6,Ideal,I,VS2,61.6,57,AGS,ID,ID,N,Y,"$2,025 "
1052,0.59,Premium,H,VS1,60.6,56,GIA,X,X,N,N,"$2,058 "
1053,1.04,Ideal,E,VS2,60.2,58,AGS,ID,ID,N,Y,"$9,403 "
1054,0.71,Premium,F,VS2,61.7,55,GIA,X,X,N,N,"$3,887 "
1055,0.41,Premium,F,VS1,62.3,55,GIA,X,X,N,N,"$1,298 "
1056,0.64,Ideal,E,VVS2,61.5,57.1,AGS,ID,ID,N,Y,"$3,706 "
1057,0.32,Premium,F,VVS2,61.7,55,GIA,X,X,N,N,$958 
1058,0.54,Premium,H,VVS1,61.8,56,GIA,X,X,N,N,"$1,974 "
1059,0.33,Ideal,D,VVS1,61.7,57,AGS,ID,ID,N,Y,"$1,092 "
1060,0.66,Premium,D,VVS1,61.7,57,GIA,X,X,N,N,"$4,832 "
1061,0.32,Premium,F,VVS2,61.8,57,GIA,X,X,N,N,$958 
1062,0.7,Premium,G,VS2,61.7,56,GIA,X,X,N,N,"$3,552 "
1063,0.4,Premium,G,VVS2,61.8,56,GIA,X,X,N,N,"$1,217 "
1064,0.72,Ideal,G,VS2,61.9,56,AGS,ID,ID,N,Y,"$3,553 "
1065,0.33,Premium,H,VVS2,60.7,57,GIA,X,X,N,N,$845 
1066,0.94,Ideal,G,VS2,60.9,57,AGS,ID,ID,N,Y,"$6,649 "
1067,0.61,Premium,G,VS1,62,57,GIA,X,X,N,N,"$2,601 "
1068,0.41,Ideal,F,VS1,61.4,56,AGS,ID,ID,N,Y,"$1,247 "
1069,1.01,Premium,F,SI1,61.6,57,GIA,X,X,N,N,"$7,197 "
1070,0.56,Premium,D,VVS1,61.9,57,GIA,X,X,F,N,"$3,242 "
1071,0.42,Premium,H,VS1,61.2,56,GIA,X,X,F,N,"$1,180 "
1072,0.3,Premium,F,VVS2,60.8,58,GIA,X,X,F,N,$756 
1073,0.4,Premium,G,VS2,61.8,57,GIA,X,X,F,N,"$1,165 "
1074,0.88,Premium,E,VS2,61.9,55,GIA,X,X,F,N,"$5,527 "
1075,0.51,Premium,I,VS1,61.7,55,GIA,X,X,F,N,"$1,664 "
1076,0.52,Premium,F,VVS2,61.7,54,GIA,X,X,F,N,"$2,243 "
1077,0.3,Premium,D,VS2,61.6,56,GIA,X,X,F,N,$832 
1078,0.24,Premium,D,VVS1,61.3,56,GIA,X,X,F,N,$804 
1079,0.52,Premium,E,VVS2,61.9,56,GIA,X,X,F,N,"$3,227 "
1080,0.52,Premium,E,VVS1,62,54,GIA,X,X,F,N,"$2,714 "
1081,0.53,Premium,I,VS1,62.3,56,GIA,X,X,F,N,"$1,660 "
1082,0.52,Premium,I,VVS2,61.8,55,GIA,X,X,F,N,"$1,667 "
1083,0.34,Premium,E,VS1,62.3,55,GIA,X,X,F,N,$899 
1084,1.01,Premium,I,VS2,60.9,57,GIA,X,X,F,Y,"$5,294 "
1085,0.31,Premium,F,VS1,61.3,56,GIA,X,X,F,N,$807 
1086,0.24,Premium,D,VS1,61.5,55,GIA,X,X,F,N,$597 
1087,0.4,Premium,H,VS2,61.9,56,GIA,X,X,F,N,"$1,097 "
1088,0.24,Premium,G,VS2,61.8,55,GIA,X,X,F,N,$510 
1089,0.57,Premium,F,SI1,60.8,57,GIA,X,X,F,N,"$1,858 "
1090,1.03,Very Good,E,SI1,64.2,57,GIA,G,VG,F,N,"$5,277 "
1091,0.31,Premium,E,VS1,61.8,55,GIA,X,X,F,N,$820 
1092,0.6,Premium,I,VS2,61.2,58,GIA,X,X,F,N,"$1,874 "
1093,0.35,Premium,G,SI1,61.7,56,GIA,X,X,F,N,$709 
1094,1.04,Premium,G,VVS2,60.8,58,GIA,X,X,F,N,"$9,623 "
1095,0.6,Premium,I,VS2,59.7,58,GIA,X,X,F,N,"$1,874 "
1096,0.52,Premium,H,VVS1,61.8,56,GIA,X,X,F,N,"$1,862 "
1097,0.31,Premium,D,VVS2,61.7,55,GIA,X,X,F,N,"$1,118 "
1098,0.31,Premium,G,VVS1,62.1,56,GIA,X,X,F,N,$837 
1099,0.34,Premium,H,VS1,61.1,57,GIA,X,X,F,N,$719 
1100,0.23,Premium,E,VS2,61.8,56,GIA,X,X,F,N,$529 
1101,0.32,Premium,F,SI1,61.6,56,GIA,X,X,F,N,$704 
1102,0.55,Premium,G,VVS2,61.6,55,GIA,X,X,F,N,"$2,256 "
1103,1.01,Premium,H,VVS2,60.9,57,GIA,X,X,F,N,"$8,390 "
1104,0.41,Premium,I,SI1,60.9,57,GIA,X,X,F,N,"$1,535 "
1105,0.54,Premium,I,VS1,62,57,GIA,X,X,F,N,"$1,154 "
1106,0.54,Premium,H,VVS1,60.8,58,GIA,X,X,F,N,"$1,894 "
1107,0.34,Premium,G,VS2,60.2,57,GIA,X,X,F,N,$798 
1108,0.5,Premium,D,VS2,61.5,56,GIA,X,X,F,N,"$1,973 "
1109,0.33,Premium,G,VS2,61.7,56,GIA,X,X,F,N,$813 
1110,0.34,Premium,F,VS1,61.7,55,GIA,X,X,F,N,$872 
1111,0.51,Premium,H,VS2,61.9,56,GIA,X,X,F,N,"$1,790 "
1112,1.01,Premium,I,VS1,61.4,57,GIA,X,X,F,N,"$6,594 "
1113,0.41,Premium,H,VS2,61.8,55,GIA,X,X,F,N,"$1,124 "
1114,0.34,Premium,I,VS2,62,56,GIA,X,X,F,N,$706 
1115,0.25,Premium,H,VS2,61.7,55,GIA,X,X,F,N,$556 
1116,0.8,Premium,D,VVS2,61.2,56,GIA,X,X,F,N,"$5,860 "
1117,0.3,Premium,F,VVS2,61.7,55,GIA,X,X,F,N,$874 
1118,0.33,Premium,I,SI1,61.7,55,GIA,X,X,F,N,$616 
1119,0.31,Premium,D,SI1,60.8,55,GIA,X,X,F,N,$788 
1120,0.26,Premium,I,VS2,61.6,55,GIA,X,X,F,N,$510 
1121,0.53,Premium,D,VS2,62,56,GIA,X,X,F,N,"$2,091 "
1122,0.31,Premium,H,VVS1,61.8,56,GIA,X,X,F,N,$741 
1123,0.5,Premium,F,VS1,60.8,57,GIA,X,X,F,N,"$1,872 "
1124,0.52,Premium,I,SI1,61.7,57,GIA,X,X,F,N,"$1,494 "
1125,0.51,Premium,I,SI1,61.5,55,GIA,X,X,F,N,"$1,486 "
1126,0.71,Premium,I,SI1,59.9,59,GIA,X,X,F,Y,"$2,188 "
1127,0.41,Premium,D,SI1,61.7,56,GIA,X,X,F,N,"$1,148 "
1128,0.71,Premium,E,VS2,60.9,57,GIA,X,X,F,N,"$3,548 "
1129,0.57,Premium,D,IF,61.7,57,GIA,X,X,F,N,"$3,744 "
1130,0.31,Ideal,D,SI1,-,-,AGS,ID,ID,F,Y,$810 
1131,0.4,Premium,D,VVS1,61.6,56,GIA,X,X,F,N,"$1,614 "
1132,0.44,Premium,H,VS1,61.5,56,GIA,X,X,F,N,"$1,236 "
1133,0.32,Premium,H,VS2,61.9,55,GIA,X,X,F,N,$725 
1134,0.71,Premium,G,VVS2,60.8,58,GIA,X,X,F,N,"$3,511 "
1135,0.28,Premium,G,VS1,61.8,55,GIA,X,X,F,N,$645 
1136,0.81,Premium,F,VVS2,61.5,58,GIA,X,X,F,N,"$5,322 "
1137,0.3,Premium,I,VS1,61.9,55,GIA,X,X,F,N,$614 
1138,0.4,Premium,D,VS2,61.7,56,GIA,X,X,F,N,"$1,222 "
1139,1.02,Premium,F,VVS2,61.5,56,GIA,X,X,F,N,"$10,205 "
1140,0.23,Premium,D,VS1,61.8,55,GIA,X,X,F,N,$572 
1141,0.6,Premium,I,VS2,61.5,56,GIA,X,X,F,N,"$1,964 "
1142,0.31,Premium,D,SI1,61.4,58,GIA,X,X,F,N,$791 
1143,0.72,Premium,E,VVS2,61.8,55,GIA,X,X,F,N,"$4,499 "
1144,0.8,Premium,G,VS2,62.1,56,GIA,X,X,F,N,"$4,452 "
1145,0.41,Premium,D,SI1,61.1,57,GIA,X,X,F,N,"$1,179 "
1146,0.51,Premium,D,VS1,61.1,57,GIA,X,X,F,N,"$2,187 "
1147,0.32,Premium,F,VVS1,60.9,57,GIA,X,X,F,N,$906 
1148,1,Premium,F,VS1,62.9,57,GIA,X,X,F,N,"$5,916 "
1149,0.41,Premium,F,VS2,61.5,56,GIA,X,X,F,N,"$1,188 "
1150,0.6,Premium,I,VS1,61.6,56,GIA,X,X,F,N,"$2,397 "
1151,0.55,Premium,I,VS2,61.8,56,GIA,X,X,F,N,"$1,694 "
1152,0.23,Premium,D,IF,61.5,55,GIA,X,X,F,N,$869 
1153,0.4,Premium,D,VS1,62.3,55,GIA,X,X,F,N,"$1,396 "
1154,0.7,Premium,H,IF,61.7,56,GIA,X,X,F,N,"$3,396 "
1155,0.42,Premium,H,VS2,62,56,GIA,X,X,F,N,"$1,128 "
1156,0.7,Premium,F,VVS1,62,57,GIA,X,X,F,N,"$4,290 "
1157,0.41,Premium,G,VVS2,61.6,56,GIA,X,X,F,N,"$1,230 "
1158,0.56,Premium,G,VS2,62.4,56,GIA,X,X,F,N,"$1,934 "
1159,0.41,Premium,G,VS1,61.4,56,GIA,X,X,F,N,"$1,189 "
1160,0.53,Premium,H,VVS1,61.8,56,GIA,X,X,F,N,"$1,891 "
1161,0.52,Premium,E,VVS1,60.5,58,GIA,X,X,F,N,"$2,714 "
1162,0.4,Premium,H,VVS2,60.7,58,GIA,X,X,F,N,"$1,138 "
1163,1.05,Premium,I,VVS2,61.5,56,GIA,X,X,F,N,"$6,965 "
1164,0.41,Premium,G,SI1,60.9,57,GIA,X,X,F,N,"$1,036 "
1165,0.52,Premium,E,VS2,62.3,56,GIA,X,X,F,N,"$1,893 "
1166,0.72,Premium,F,VVS2,61.7,55,GIA,X,X,F,N,"$4,202 "
1167,0.27,Premium,F,VVS1,62.4,55,GIA,X,X,F,N,$822 
1168,0.61,Premium,D,VS2,62.3,55,GIA,X,X,F,N,"$2,654 "
1169,0.51,Premium,D,VVS2,61.8,56,GIA,X,X,F,N,"$2,617 "
1170,0.3,Premium,E,VVS2,60.2,58,GIA,X,X,F,N,$840 
1171,0.38,Premium,F,VVS2,61.9,56,GIA,X,X,F,N,"$1,107 "
1172,0.4,Very Good,F,VS1,62.4,57,GIA,X,G,F,N,$810 
1173,0.25,Premium,H,IF,61.8,55,GIA,X,X,F,N,$596 
1174,0.27,Premium,I,VS2,61.7,56,GIA,X,X,F,N,$530 
1175,0.41,Premium,F,VVS1,61.1,56,GIA,X,X,F,N,"$1,534 "
1176,0.3,Premium,D,VS1,62.1,56,GIA,X,X,F,N,$872 
1177,0.53,Premium,G,VVS1,61.7,56,GIA,X,X,F,N,"$1,981 "
1178,0.52,Premium,G,VVS2,60.9,57,GIA,X,X,F,N,"$1,879 "
1179,0.54,Premium,F,VS1,61.7,58,GIA,X,X,F,N,"$2,022 "
1180,0.52,Premium,I,VS1,62.1,55,GIA,X,X,F,N,"$1,659 "
1181,0.55,Premium,H,VS2,61.6,56,GIA,X,X,F,N,"$1,858 "
1182,0.6,Premium,H,VS1,62.4,57,GIA,X,X,F,N,"$2,168 "
1183,0.61,Premium,G,IF,62.3,57,GIA,X,X,F,N,"$2,646 "
1184,0.5,Premium,H,VVS1,61.9,57,GIA,X,X,F,N,"$1,848 "
1185,0.41,Premium,F,VS1,61.3,55,GIA,X,X,F,N,"$1,256 "
1186,0.82,Premium,D,VS2,61.4,57,GIA,X,X,F,N,"$5,008 "
1187,0.54,Premium,G,VS1,61.6,56,GIA,X,X,F,N,"$1,991 "
1188,0.6,Premium,E,SI1,61.9,55,GIA,X,X,F,N,"$2,262 "
1189,0.3,Premium,E,VVS2,61.1,58,GIA,X,X,F,N,$865 
1190,0.56,Premium,F,VS2,62,56,GIA,X,X,F,N,"$1,979 "
1191,0.61,Premium,E,VS2,61.9,56,GIA,X,X,F,N,"$2,549 "
1192,0.62,Premium,H,VS1,61.6,56,GIA,X,X,F,N,"$2,257 "
1193,0.42,Premium,D,VS2,62,56,GIA,X,X,F,N,"$1,285 "
1194,0.27,Premium,H,VVS2,61.6,56,GIA,X,X,F,N,$645 
1195,0.42,Premium,E,SI1,61.7,56,GIA,X,X,F,N,"$1,020 "
1196,0.3,Premium,G,VVS1,61.8,56,GIA,X,X,F,N,$820 
1197,0.5,Premium,E,VS2,61.5,58,GIA,X,X,F,N,"$1,820 "
1198,0.52,Premium,G,VVS2,61.6,58,GIA,X,X,F,N,"$1,879 "
1199,0.3,Premium,I,VVS1,62.4,54,GIA,X,X,F,N,$758 
1200,0.55,Premium,I,VS2,61.8,57,GIA,X,X,F,N,"$1,730 "
1201,0.55,Premium,I,VS1,63.1,57,GIA,X,X,F,N,"$1,217 "
1202,0.61,Premium,F,VVS2,60.5,57,GIA,X,X,F,N,"$2,865 "
1203,0.54,Premium,F,VS1,61.7,56,GIA,X,X,F,N,"$2,048 "
1204,0.54,Premium,F,VVS2,60.6,58,GIA,X,X,F,N,"$2,330 "
1205,0.3,Premium,G,VVS1,61,57,GIA,X,X,F,N,$726 
1206,0.8,Premium,E,VVS1,62.2,56,GIA,X,X,F,N,"$6,049 "
1207,0.92,Premium,F,VS1,61.2,57,GIA,X,X,F,N,"$7,079 "
1208,1.01,Premium,D,VS1,60.8,57,GIA,X,X,F,N,"$10,352 "
1209,1.03,Premium,D,VVS2,62.4,56,GIA,X,X,F,N,"$11,695 "
1210,0.32,Premium,G,VS1,62.2,56,GIA,X,X,F,N,$776 
1211,0.33,Premium,D,VVS2,60.5,58,GIA,X,X,F,N,"$1,111 "
1212,1.02,Premium,D,VS1,61.8,55,GIA,X,X,F,N,"$11,350 "
1213,0.6,Premium,D,VS2,61.7,55,GIA,X,X,F,N,"$2,611 "
1214,0.24,Premium,D,VVS1,61.4,56,GIA,X,X,F,N,$804 
1215,1,Good,I,VS2,63.4,59,GIA,F,F,F,N,"$3,199 "
1216,0.31,Premium,G,VVS1,61.4,56,GIA,X,X,F,N,$848 
1217,0.42,Premium,D,SI1,61.4,56,GIA,X,X,F,N,"$1,095 "
1218,0.24,Premium,E,VS1,61.5,55,GIA,X,X,M,N,$577 
1219,0.34,Premium,E,VS2,61.7,56,GIA,X,X,M,N,$849 
1220,0.66,Premium,D,VVS2,62.1,56,GIA,X,X,M,N,"$3,374 "
1221,0.32,Premium,H,VVS2,61.2,56,GIA,X,X,M,N,$657 
1222,1.04,Premium,D,VS1,61.3,58,GIA,X,X,M,N,"$10,793 "
1223,0.56,Premium,I,SI1,61.7,56,GIA,X,X,M,N,"$1,525 "
1224,0.3,Premium,D,VS1,61.8,58,GIA,X,X,M,N,$788 
1225,0.33,Premium,I,SI1,61.6,55,GIA,X,X,M,N,$607 
1226,0.27,Premium,H,VVS1,61.9,56,GIA,X,X,M,N,$614 
1227,0.32,Premium,F,VVS2,61.5,56,GIA,X,X,M,N,$847 
1228,0.34,Premium,G,VS1,61.8,57,GIA,X,X,M,N,$772 
1229,0.55,Premium,D,IF,61.9,56,GIA,X,X,M,N,"$3,282 "
1230,0.26,Premium,E,VS1,61.8,55,GIA,X,X,M,N,$626 
1231,0.5,Premium,D,VVS2,61.6,55,GIA,X,X,M,N,"$2,456 "
1232,0.71,Premium,D,VVS1,62.1,56,GIA,X,X,M,N,"$4,660 "
1233,1.04,Premium,G,VVS1,61.8,55,GIA,X,X,M,N,"$9,644 "
1234,0.23,Premium,D,VVS2,61.9,55,GIA,X,X,M,N,$660 
1235,0.51,Premium,D,VVS2,62.1,55,GIA,X,X,M,N,"$3,446 "
1236,0.55,Premium,I,SI1,61.7,56,GIA,X,X,M,N,"$1,509 "
1237,0.5,Premium,E,SI1,61.4,58,GIA,X,X,M,N,"$1,619 "
1238,0.52,Premium,F,IF,61,57,GIA,X,X,M,N,"$2,385 "
1239,0.53,Premium,E,VVS1,61,57,GIA,X,X,M,N,"$2,571 "
1240,0.62,Premium,E,VS1,62.1,55,GIA,X,X,M,N,"$3,506 "
1241,1,Premium,H,VS2,61.5,57,GIA,X,X,M,N,"$7,165 "
1242,0.3,Premium,E,IF,60.6,59,GIA,X,X,M,N,$612 
1243,0.26,Premium,G,SI1,61.6,55,GIA,X,X,M,N,$479 
1244,0.41,Premium,G,VS2,62.2,56,GIA,X,X,M,N,"$1,117 "
1245,1.01,Premium,I,VS1,61.3,56,GIA,X,X,M,N,"$6,336 "
1246,0.24,Premium,H,VS1,61.1,57,GIA,X,X,M,N,$497 
1247,0.31,Premium,D,VS2,61.6,56,GIA,X,X,M,N,$804 
1248,0.92,Premium,D,VVS1,62.3,57,GIA,X,X,M,N,"$9,736 "
1249,0.51,Premium,D,SI1,61.5,57,GIA,X,X,M,N,"$1,664 "
1250,0.3,Premium,D,VS2,62.1,57,GIA,X,X,M,N,$750 
1251,0.41,Premium,I,VVS2,61.7,56,GIA,X,X,M,N,$930 
1252,0.32,Premium,D,VS2,62.3,56,GIA,X,X,M,N,$800 
1253,0.51,Premium,E,VS2,62.1,55,GIA,X,X,M,N,"$2,055 "
1254,0.4,Premium,D,VVS2,61.6,55,GIA,X,X,M,N,"$1,435 "
1255,0.51,Premium,G,VVS2,61.9,56,GIA,X,X,M,N,"$2,109 "
1256,0.61,Premium,D,VS1,61.1,57,GIA,X,X,M,N,"$2,606 "
1257,1.05,Premium,I,SI1,62.3,55,GIA,X,X,M,N,"$6,347 "
1258,0.7,Premium,D,VVS2,61.5,56,GIA,X,X,M,N,"$4,122 "
1259,1.01,Premium,H,VS2,61,58,GIA,X,X,M,N,"$7,326 "
1260,0.33,Premium,I,IF,61.4,55,GIA,X,X,M,N,$700 
1261,0.33,Premium,H,VS1,62,55,GIA,X,X,M,N,$738 
1262,0.24,Premium,D,VS2,61.8,55,GIA,X,X,M,N,$615 
1263,0.35,Premium,I,SI1,61.3,58,GIA,X,X,M,N,$644 
1264,0.31,Premium,H,IF,62.1,55,GIA,X,X,M,N,$846 
1265,0.25,Premium,H,VS2,61.9,56,GIA,X,X,M,N,$543 
1266,0.5,Premium,G,VS1,61.4,56,GIA,X,X,M,N,"$1,710 "
1267,0.6,Premium,H,VVS2,61.8,56,GIA,X,X,M,N,"$2,153 "
1268,0.23,Premium,D,VVS1,61.8,56,GIA,X,X,M,N,$771 
1269,0.52,Premium,E,VVS2,60.6,58,GIA,X,X,M,N,"$2,174 "
1270,1.01,Premium,E,VVS1,60.4,57,GIA,X,X,M,N,"$11,073 "
1271,0.55,Premium,D,VVS2,61.8,55,GIA,X,X,M,N,"$2,701 "
1272,0.4,Premium,G,VS2,61.1,57,GIA,X,X,M,N,"$1,136 "
1273,0.4,Premium,H,VS2,61.7,56,GIA,X,X,M,N,"$1,043 "
1274,1,Premium,I,VVS2,60.6,56,GIA,X,X,M,N,"$6,079 "
1275,0.42,Premium,D,VS1,61.8,56,GIA,X,X,M,N,"$1,274 "
1276,0.33,Premium,D,VS2,61.4,57,GIA,X,X,M,N,$778 
1277,0.4,Premium,H,VVS2,61.4,57,GIA,X,X,M,N,"$1,103 "
1278,0.55,Premium,D,VVS2,61.3,57,GIA,X,X,M,N,"$2,701 "
1279,0.25,Premium,D,VS2,61.2,55,GIA,X,X,M,N,$640 
1280,0.51,Premium,H,VS1,61.1,57,GIA,X,X,M,N,"$1,692 "
1281,0.71,Premium,D,VS2,61.3,57,GIA,X,X,M,N,"$3,416 "
1282,1.01,Premium,I,IF,64.3,57,GIA,VG,VG,M,N,"$4,982 "
1283,0.6,Premium,E,SI1,61.8,56,GIA,X,X,M,N,"$2,213 "
1284,0.81,Premium,I,VVS1,62.4,56,GIA,X,X,M,N,"$3,965 "
1285,0.72,Premium,F,VVS2,61.8,56,GIA,X,X,M,N,"$4,705 "
1286,0.27,Premium,D,SI1,61.8,56,GIA,X,X,M,N,$546 
1287,0.4,Premium,F,VS1,61.5,56,GIA,X,X,M,N,"$1,101 "
1288,0.56,Premium,G,VVS2,61.5,56,GIA,X,X,M,N,"$1,966 "
1289,0.31,Premium,G,VS1,61,56,GIA,X,X,M,N,$720 
1290,0.24,Premium,F,VS1,61.7,56,GIA,X,X,M,N,$673 
1291,0.5,Premium,F,IF,60.6,57,GIA,X,X,M,N,"$2,293 "
1292,0.34,Premium,D,VS2,61.6,56,GIA,X,X,M,N,$801 
1293,0.31,Premium,F,VVS2,61.8,56,GIA,X,X,M,N,$821 
1294,0.5,Premium,H,VS2,60.5,58,GIA,X,X,M,N,"$1,622 "
1295,0.4,Premium,G,VVS1,61.1,57,GIA,X,X,M,N,"$1,218 "
1296,1.03,Premium,H,VS2,61.6,57,GIA,X,X,M,N,"$7,625 "
1297,1.05,Premium,H,VS1,60.5,57,GIA,X,X,M,N,"$8,003 "
1298,0.3,Premium,E,IF,60.1,59,GIA,X,X,M,N,$612 
1299,1.01,Premium,D,VS1,61.7,56,GIA,X,X,M,N,"$9,777 "
1300,0.52,Premium,E,VVS2,61.4,56,GIA,X,X,M,N,"$2,174 "
1301,0.57,Premium,E,VS1,61.8,57,GIA,X,X,M,N,"$2,035 "
1302,1.02,Premium,I,VS1,61.8,56,GIA,X,X,M,N,"$7,067 "
1303,0.52,Premium,D,VVS2,61.1,56,GIA,X,X,M,N,"$2,554 "
1304,0.54,Premium,D,VS2,60.9,57,GIA,X,X,M,N,"$1,971 "
1305,0.23,Premium,D,VVS1,61.5,56,GIA,X,X,M,N,$771 
1306,0.67,Premium,D,VVS2,61.8,56,GIA,X,X,M,N,"$3,425 "
1307,0.71,Premium,F,VVS2,61.5,56,GIA,X,X,M,N,"$3,615 "
1308,0.54,Premium,F,VVS1,61.7,57,GIA,X,X,M,N,"$2,439 "
1309,0.4,Premium,E,VS1,61.4,57,GIA,X,X,M,N,"$1,157 "
1310,0.34,Premium,D,SI1,61.7,56,GIA,X,X,M,N,$699 
1311,1.01,Premium,I,VVS1,61.4,56,GIA,X,X,M,N,"$7,463 "
1312,0.24,Premium,G,VVS1,61.9,54,GIA,X,X,M,N,$626 
1313,0.74,Premium,F,VVS1,61.2,56,GIA,X,X,M,N,"$4,371 "
1314,0.52,Premium,H,VS2,61.3,58,GIA,X,X,M,N,"$1,687 "
1315,1.05,Premium,D,VVS2,61.7,57,GIA,X,X,M,N,"$12,882 "
1316,0.32,Premium,I,VS2,60.8,56,GIA,X,X,M,N,$603 
1317,0.5,Premium,H,VS1,60.5,57,GIA,X,X,M,N,"$1,658 "
1318,0.7,Premium,D,SI1,62.1,57,GIA,X,X,M,N,"$2,846 "
1319,0.81,Premium,D,SI1,62.3,55,GIA,X,X,M,N,"$4,269 "
1320,0.5,Premium,E,VVS2,60.4,57,GIA,X,X,M,N,"$2,090 "
1321,0.9,Premium,H,VVS2,61.6,56,GIA,X,X,M,N,"$6,271 "
1322,0.7,Premium,D,VS2,61.5,56,GIA,X,X,M,N,"$4,149 "
1323,0.54,Premium,E,VS1,61.6,56,GIA,X,X,M,N,"$1,927 "
1324,0.63,Premium,D,VVS2,62.2,55,GIA,X,X,M,N,"$3,220 "
1325,0.33,Premium,H,VS1,61.7,56,GIA,X,X,M,N,$678 
1326,0.6,Premium,D,VVS1,62,57,GIA,X,X,M,N,"$3,489 "
1327,0.3,Premium,D,VS1,61.6,55,GIA,X,X,M,N,$782 
1328,0.23,Premium,G,VS2,61.1,56,GIA,X,X,M,N,$474 
1329,0.53,Premium,G,VS2,62,55,GIA,X,X,M,N,"$1,638 "
1330,0.3,Premium,D,VS1,60.4,58,GIA,X,X,M,N,$782 
1331,0.34,Premium,H,SI1,62.1,55,GIA,X,X,M,N,$673 
1332,0.24,Premium,D,VVS2,61.9,56,GIA,X,X,M,N,$688 
1333,0.4,Premium,D,VS2,61.4,56,GIA,X,X,M,N,"$1,561 "
1334,0.61,Premium,F,VS2,62.2,56,GIA,X,X,M,N,"$2,375 "
1335,1.05,Premium,G,VS1,61.1,57,GIA,X,X,M,N,"$8,481 "
1336,0.41,Premium,I,VS2,62.1,56,GIA,X,X,M,N,$965 
1337,0.3,Premium,H,VVS1,61.7,56,GIA,X,X,M,N,$647 
1338,0.34,Premium,D,VVS2,61.8,55,GIA,X,X,M,N,"$1,009 "
1339,0.42,Premium,D,VVS2,61.7,55,GIA,X,X,M,N,"$1,507 "
1340,1.01,Ideal,E,VS1,61.6,55.6,AGS,ID,ID,M,Y,"$9,926 "
1341,0.31,Premium,D,VVS2,61.4,55,GIA,X,X,M,N,$920 
1342,0.4,Premium,H,VS1,62,55,GIA,X,X,M,N,"$1,055 "
1343,0.36,Premium,D,VS2,61.6,56,GIA,X,X,M,N,$900 
1344,0.53,Premium,D,VVS1,61.4,57,GIA,X,X,M,N,"$2,882 "
1345,0.44,Premium,F,VVS2,61.8,56,GIA,X,X,M,N,"$1,358 "
1346,0.4,Premium,I,VVS1,62.3,56,GIA,X,X,M,N,"$1,002 "
1347,0.3,Premium,D,VS2,61.5,56,GIA,X,X,M,N,$778 
1348,0.51,Premium,E,SI1,62,56,GIA,X,X,M,N,"$1,652 "
1349,0.7,Premium,G,VVS2,62.1,56,GIA,X,X,M,N,"$3,199 "
1350,0.33,Premium,I,IF,61.8,56,GIA,X,X,M,N,$700 
1351,1.01,Premium,F,VS1,62.1,57,GIA,X,X,S,N,"$9,523 "
1352,1,Premium,G,VS2,61.7,55,GIA,X,X,S,N,"$7,545 "
1353,0.56,Premium,D,VVS1,62.1,55,GIA,X,X,S,N,"$2,835 "
1354,0.6,Premium,E,VS2,61.4,57,GIA,X,X,S,N,"$2,359 "
1355,0.32,Premium,D,VS1,61.7,56,GIA,X,X,S,N,$812 
1356,0.8,Premium,F,VS1,62.1,56,GIA,X,X,S,N,"$4,482 "
1357,0.54,Premium,H,VVS1,61.7,55,GIA,X,X,S,N,"$1,801 "
1358,0.38,Premium,H,VS1,61.4,56,GIA,X,X,S,N,$830 
1359,0.3,Premium,E,VS2,60.3,58,GIA,X,X,S,N,$718 
1360,0.24,Premium,I,VS2,61.4,57,GIA,X,X,S,N,$465 
1361,0.23,Premium,F,VVS1,61.8,55,GIA,X,X,S,N,$672 
1362,0.41,Premium,H,VVS1,61.9,55,GIA,X,X,S,N,"$1,056 "
1363,0.31,Premium,F,VS2,61.7,57,GIA,X,X,S,N,$702 
1364,0.4,Premium,H,VS1,62.2,56,GIA,X,X,S,N,$998 
1365,0.51,Premium,G,VVS2,61.4,57,GIA,X,X,S,N,"$1,683 "
1366,0.42,Premium,I,VS1,62.1,55,GIA,X,X,S,N,"$1,260 "
1367,0.33,Premium,I,VS2,62.1,56,GIA,X,X,S,N,$654 
1368,0.23,Premium,D,VS2,61.6,55,GIA,X,X,S,N,$562 
1369,0.32,Premium,F,VVS2,61.5,58,GIA,X,X,S,N,$715 
1370,0.61,Premium,F,VS1,61.9,55,GIA,X,X,S,N,"$3,272 "
1371,0.83,Premium,F,VS2,61.5,56,GIA,X,X,S,N,"$4,697 "
1372,0.31,Premium,I,VS1,61.6,55,GIA,X,X,S,N,$601 
1373,0.24,Premium,G,VS1,61.8,55,GIA,X,X,S,N,$565 
1374,0.54,Premium,I,VVS2,61.9,55,GIA,X,X,S,N,"$1,668 "
1375,0.5,Premium,D,VVS1,60.5,58,GIA,X,X,S,N,"$2,531 "
1376,0.34,Premium,E,VS1,61,57,GIA,X,X,S,N,$861 
1377,0.3,Premium,D,VVS2,61.2,57,GIA,X,X,S,N,$881 
1378,0.33,Premium,G,VVS2,62.2,54,GIA,X,X,S,N,$733 
1379,1.02,Premium,E,VS1,61.9,56,GIA,X,X,S,N,"$8,636 "
1380,0.51,Premium,E,VS2,62.4,55,GIA,X,X,S,N,"$2,641 "
1381,0.25,Premium,F,VS1,61.2,58,GIA,X,X,S,N,$626 
1382,1.01,Premium,D,VS1,61.4,55,GIA,X,X,S,N,"$9,990 "
1383,0.42,Premium,H,VS2,62.3,56,GIA,X,X,S,N,"$1,034 "
1384,0.3,Premium,D,VVS1,61.7,57,GIA,X,X,S,N,$858 
1385,0.64,Premium,H,VVS2,61.6,55,GIA,X,X,S,N,"$2,304 "
1386,1.01,Premium,D,VS1,61.7,55,GIA,X,X,S,N,"$9,922 "
1387,0.26,Premium,E,VS1,61.9,56,GIA,X,X,S,N,$661 
1388,0.81,Premium,D,VS1,61.6,57,GIA,X,X,S,N,"$4,890 "
1389,0.57,Premium,D,VS1,61.9,56,GIA,X,X,S,N,"$2,099 "
1390,0.31,Premium,H,IF,62.2,56,GIA,X,X,S,N,$718 
1391,0.35,Premium,E,VS2,60.6,57,GIA,X,X,S,N,$959 
1392,0.5,Premium,F,VS2,61.6,57,GIA,X,X,S,N,"$1,686 "
1393,0.31,Premium,G,VVS2,61.3,55,GIA,X,X,S,N,$797 
1394,0.24,Premium,F,VVS1,61.3,56,GIA,X,X,S,N,$701 
1395,1.05,Premium,E,IF,61.6,55,GIA,X,X,S,N,"$16,680 "
1396,0.35,Premium,I,VS1,62.4,54,GIA,X,X,S,N,$683 
1397,0.33,Premium,D,VS2,61.8,57,GIA,X,X,S,N,$832 
1398,0.25,Premium,E,VS2,61.8,56,GIA,X,X,S,N,$574 
1399,0.44,Premium,D,VVS2,61.5,56,GIA,X,X,S,N,"$1,433 "
1400,1.01,Premium,D,VVS2,61.9,55,GIA,X,X,S,N,"$10,614 "
1401,0.54,Premium,G,VVS1,61.8,56,GIA,X,X,S,N,"$1,855 "
1402,0.57,Premium,G,VVS2,62,56,GIA,X,X,S,N,"$1,881 "
1403,0.7,Premium,I,VS1,62.2,55,GIA,X,X,S,N,"$2,586 "
1404,0.4,Premium,H,VS2,62.2,56,GIA,X,X,S,N,$987 
1405,0.31,Premium,E,VS1,61.7,58,GIA,X,X,S,N,$770 
1406,0.52,Premium,G,SI1,61.7,57,GIA,X,X,S,N,"$1,610 "
1407,0.74,Premium,D,SI1,61,56,GIA,X,X,S,N,"$3,300 "
1408,0.51,Premium,E,VS1,62.2,55,GIA,X,X,S,N,"$2,827 "
1409,0.34,Premium,D,SI1,61.9,54,GIA,X,X,S,N,$662 
1410,0.42,Premium,I,VS1,62.1,55,GIA,X,X,S,N,$914 
1411,0.26,Premium,I,VS2,60.8,58,GIA,X,X,S,N,$504 
1412,0.35,Premium,I,VVS1,62.4,55,GIA,X,X,S,N,$800 
1413,0.24,Premium,E,VVS1,61.8,55,GIA,X,X,S,N,$718 
1414,0.73,Premium,G,VS1,61.9,57,GIA,X,X,S,N,"$3,129 "
1415,0.51,Premium,E,VVS2,61.3,57,GIA,X,X,S,N,"$2,126 "
